answer_id,cluster,topic,question,answer,word_count,canonical_url,boundary
A001,E-Ticaret,sipariş istisnası,Sipariş istisnası otomasyonunda güvenilir başlangıç nasıl tasarlanır?,"Sipariş istisnası otomasyonunda önce input kaynağı, gerekli alanlar, hata durumu ve karar sahibi ayrılır. Structured extraction yalnız kaynaktaki bilgiyi çıkarır; bulunmayan alan null/unknown kalır. Deterministik validator kural ihlalini durdurur, yüksek etkili veya belirsiz durum insan incelemesine gider. Başarı, yalnız hız değil hata/istisna ve doğru handoff ile ölçülür.",49,https://synapseautomate.github.io/cozumler/e-ticaret-operasyon-otomasyonu.html,Eksik/çelişkili veya yüksek etkili durumda human review/approval.
A002,E-Ticaret,stok uyumsuzluğu,Stok uyumsuzluğu otomasyonunda güvenilir başlangıç nasıl tasarlanır?,"Stok uyumsuzluğu otomasyonunda önce input kaynağı, gerekli alanlar, hata durumu ve karar sahibi ayrılır. Structured extraction yalnız kaynaktaki bilgiyi çıkarır; bulunmayan alan null/unknown kalır. Deterministik validator kural ihlalini durdurur, yüksek etkili veya belirsiz durum insan incelemesine gider. Başarı, yalnız hız değil hata/istisna ve doğru handoff ile ölçülür.",49,https://synapseautomate.github.io/cozumler/e-ticaret-operasyon-otomasyonu.html,Eksik/çelişkili veya yüksek etkili durumda human review/approval.
A003,E-Ticaret,iade ön inceleme,Iade ön inceleme otomasyonunda güvenilir başlangıç nasıl tasarlanır?,"Iade ön inceleme otomasyonunda önce input kaynağı, gerekli alanlar, hata durumu ve karar sahibi ayrılır. Structured extraction yalnız kaynaktaki bilgiyi çıkarır; bulunmayan alan null/unknown kalır. Deterministik validator kural ihlalini durdurur, yüksek etkili veya belirsiz durum insan incelemesine gider. Başarı, yalnız hız değil hata/istisna ve doğru handoff ile ölçülür.",50,https://synapseautomate.github.io/cozumler/e-ticaret-operasyon-otomasyonu.html,Eksik/çelişkili veya yüksek etkili durumda human review/approval.
A004,E-Ticaret,pazaryeri feed hatası,Pazaryeri feed hatası otomasyonunda güvenilir başlangıç nasıl tasarlanır?,"Pazaryeri feed hatası otomasyonunda önce input kaynağı, gerekli alanlar, hata durumu ve karar sahibi ayrılır. Structured extraction yalnız kaynaktaki bilgiyi çıkarır; bulunmayan alan null/unknown kalır. Deterministik validator kural ihlalini durdurur, yüksek etkili veya belirsiz durum insan incelemesine gider. Başarı, yalnız hız değil hata/istisna ve doğru handoff ile ölçülür.",50,https://synapseautomate.github.io/cozumler/e-ticaret-operasyon-otomasyonu.html,Eksik/çelişkili veya yüksek etkili durumda human review/approval.
A005,E-Ticaret,müşteri talebi sınıflandırma,Müşteri talebi sınıflandırma otomasyonunda güvenilir başlangıç nasıl tasarlanır?,"Müşteri talebi sınıflandırma otomasyonunda önce input kaynağı, gerekli alanlar, hata durumu ve karar sahibi ayrılır. Structured extraction yalnız kaynaktaki bilgiyi çıkarır; bulunmayan alan null/unknown kalır. Deterministik validator kural ihlalini durdurur, yüksek etkili veya belirsiz durum insan incelemesine gider. Başarı, yalnız hız değil hata/istisna ve doğru handoff ile ölçülür.",50,https://synapseautomate.github.io/cozumler/e-ticaret-operasyon-otomasyonu.html,Eksik/çelişkili veya yüksek etkili durumda human review/approval.
A006,E-Ticaret,fiyat karar hazırlığı,Fiyat karar hazırlığı otomasyonunda güvenilir başlangıç nasıl tasarlanır?,"Fiyat karar hazırlığı otomasyonunda önce input kaynağı, gerekli alanlar, hata durumu ve karar sahibi ayrılır. Structured extraction yalnız kaynaktaki bilgiyi çıkarır; bulunmayan alan null/unknown kalır. Deterministik validator kural ihlalini durdurur, yüksek etkili veya belirsiz durum insan incelemesine gider. Başarı, yalnız hız değil hata/istisna ve doğru handoff ile ölçülür.",50,https://synapseautomate.github.io/cozumler/e-ticaret-operasyon-otomasyonu.html,Eksik/çelişkili veya yüksek etkili durumda human review/approval.
A007,E-Ticaret,kargo gecikmesi,Kargo gecikmesi otomasyonunda güvenilir başlangıç nasıl tasarlanır?,"Kargo gecikmesi otomasyonunda önce input kaynağı, gerekli alanlar, hata durumu ve karar sahibi ayrılır. Structured extraction yalnız kaynaktaki bilgiyi çıkarır; bulunmayan alan null/unknown kalır. Deterministik validator kural ihlalini durdurur, yüksek etkili veya belirsiz durum insan incelemesine gider. Başarı, yalnız hız değil hata/istisna ve doğru handoff ile ölçülür.",49,https://synapseautomate.github.io/cozumler/e-ticaret-operasyon-otomasyonu.html,Eksik/çelişkili veya yüksek etkili durumda human review/approval.
A008,E-Ticaret,ürün veri kalitesi,Ürün veri kalitesi otomasyonunda güvenilir başlangıç nasıl tasarlanır?,"Ürün veri kalitesi otomasyonunda önce input kaynağı, gerekli alanlar, hata durumu ve karar sahibi ayrılır. Structured extraction yalnız kaynaktaki bilgiyi çıkarır; bulunmayan alan null/unknown kalır. Deterministik validator kural ihlalini durdurur, yüksek etkili veya belirsiz durum insan incelemesine gider. Başarı, yalnız hız değil hata/istisna ve doğru handoff ile ölçülür.",50,https://synapseautomate.github.io/cozumler/e-ticaret-operasyon-otomasyonu.html,Eksik/çelişkili veya yüksek etkili durumda human review/approval.
A009,E-Ticaret,kampanya kontrolü,Kampanya kontrolü otomasyonunda güvenilir başlangıç nasıl tasarlanır?,"Kampanya kontrolü otomasyonunda önce input kaynağı, gerekli alanlar, hata durumu ve karar sahibi ayrılır. Structured extraction yalnız kaynaktaki bilgiyi çıkarır; bulunmayan alan null/unknown kalır. Deterministik validator kural ihlalini durdurur, yüksek etkili veya belirsiz durum insan incelemesine gider. Başarı, yalnız hız değil hata/istisna ve doğru handoff ile ölçülür.",49,https://synapseautomate.github.io/cozumler/e-ticaret-operasyon-otomasyonu.html,Eksik/çelişkili veya yüksek etkili durumda human review/approval.
A010,E-Ticaret,raporlama,Raporlama otomasyonunda güvenilir başlangıç nasıl tasarlanır?,"Raporlama otomasyonunda önce input kaynağı, gerekli alanlar, hata durumu ve karar sahibi ayrılır. Structured extraction yalnız kaynaktaki bilgiyi çıkarır; bulunmayan alan null/unknown kalır. Deterministik validator kural ihlalini durdurur, yüksek etkili veya belirsiz durum insan incelemesine gider. Başarı, yalnız hız değil hata/istisna ve doğru handoff ile ölçülür.",48,https://synapseautomate.github.io/cozumler/e-ticaret-operasyon-otomasyonu.html,Eksik/çelişkili veya yüksek etkili durumda human review/approval.
A011,E-Ticaret,ödeme istisnası,Ödeme istisnası otomasyonunda güvenilir başlangıç nasıl tasarlanır?,"Ödeme istisnası otomasyonunda önce input kaynağı, gerekli alanlar, hata durumu ve karar sahibi ayrılır. Structured extraction yalnız kaynaktaki bilgiyi çıkarır; bulunmayan alan null/unknown kalır. Deterministik validator kural ihlalini durdurur, yüksek etkili veya belirsiz durum insan incelemesine gider. Başarı, yalnız hız değil hata/istisna ve doğru handoff ile ölçülür.",49,https://synapseautomate.github.io/cozumler/e-ticaret-operasyon-otomasyonu.html,Eksik/çelişkili veya yüksek etkili durumda human review/approval.
A012,E-Ticaret,adres doğrulama,Adres doğrulama otomasyonunda güvenilir başlangıç nasıl tasarlanır?,"Adres doğrulama otomasyonunda önce input kaynağı, gerekli alanlar, hata durumu ve karar sahibi ayrılır. Structured extraction yalnız kaynaktaki bilgiyi çıkarır; bulunmayan alan null/unknown kalır. Deterministik validator kural ihlalini durdurur, yüksek etkili veya belirsiz durum insan incelemesine gider. Başarı, yalnız hız değil hata/istisna ve doğru handoff ile ölçülür.",49,https://synapseautomate.github.io/cozumler/e-ticaret-operasyon-otomasyonu.html,Eksik/çelişkili veya yüksek etkili durumda human review/approval.
A013,E-Ticaret,sipariş iptali,Sipariş iptali otomasyonunda güvenilir başlangıç nasıl tasarlanır?,"Sipariş iptali otomasyonunda önce input kaynağı, gerekli alanlar, hata durumu ve karar sahibi ayrılır. Structured extraction yalnız kaynaktaki bilgiyi çıkarır; bulunmayan alan null/unknown kalır. Deterministik validator kural ihlalini durdurur, yüksek etkili veya belirsiz durum insan incelemesine gider. Başarı, yalnız hız değil hata/istisna ve doğru handoff ile ölçülür.",49,https://synapseautomate.github.io/cozumler/e-ticaret-operasyon-otomasyonu.html,Eksik/çelişkili veya yüksek etkili durumda human review/approval.
A014,E-Ticaret,ürün eşleştirme,Ürün eşleştirme otomasyonunda güvenilir başlangıç nasıl tasarlanır?,"Ürün eşleştirme otomasyonunda önce input kaynağı, gerekli alanlar, hata durumu ve karar sahibi ayrılır. Structured extraction yalnız kaynaktaki bilgiyi çıkarır; bulunmayan alan null/unknown kalır. Deterministik validator kural ihlalini durdurur, yüksek etkili veya belirsiz durum insan incelemesine gider. Başarı, yalnız hız değil hata/istisna ve doğru handoff ile ölçülür.",49,https://synapseautomate.github.io/cozumler/e-ticaret-operasyon-otomasyonu.html,Eksik/çelişkili veya yüksek etkili durumda human review/approval.
A015,E-Ticaret,satış sonrası takip,Satış sonrası takip otomasyonunda güvenilir başlangıç nasıl tasarlanır?,"Satış sonrası takip otomasyonunda önce input kaynağı, gerekli alanlar, hata durumu ve karar sahibi ayrılır. Structured extraction yalnız kaynaktaki bilgiyi çıkarır; bulunmayan alan null/unknown kalır. Deterministik validator kural ihlalini durdurur, yüksek etkili veya belirsiz durum insan incelemesine gider. Başarı, yalnız hız değil hata/istisna ve doğru handoff ile ölçülür.",50,https://synapseautomate.github.io/cozumler/e-ticaret-operasyon-otomasyonu.html,Eksik/çelişkili veya yüksek etkili durumda human review/approval.
A016,Gayrimenkul,lead önceliklendirme,Lead önceliklendirme otomasyonunda güvenilir başlangıç nasıl tasarlanır?,"Lead önceliklendirme otomasyonunda önce input kaynağı, gerekli alanlar, hata durumu ve karar sahibi ayrılır. Structured extraction yalnız kaynaktaki bilgiyi çıkarır; bulunmayan alan null/unknown kalır. Deterministik validator kural ihlalini durdurur, yüksek etkili veya belirsiz durum insan incelemesine gider. Başarı, yalnız hız değil hata/istisna ve doğru handoff ile ölçülür.",49,https://synapseautomate.github.io/sektorler/gayrimenkul-yonetimi.html,Eksik/çelişkili veya yüksek etkili durumda human review/approval.
A017,Gayrimenkul,bakım talebi,Bakım talebi otomasyonunda güvenilir başlangıç nasıl tasarlanır?,"Bakım talebi otomasyonunda önce input kaynağı, gerekli alanlar, hata durumu ve karar sahibi ayrılır. Structured extraction yalnız kaynaktaki bilgiyi çıkarır; bulunmayan alan null/unknown kalır. Deterministik validator kural ihlalini durdurur, yüksek etkili veya belirsiz durum insan incelemesine gider. Başarı, yalnız hız değil hata/istisna ve doğru handoff ile ölçülür.",49,https://synapseautomate.github.io/sektorler/gayrimenkul-yonetimi.html,Eksik/çelişkili veya yüksek etkili durumda human review/approval.
A018,Gayrimenkul,kiracı talebi,Kiracı talebi otomasyonunda güvenilir başlangıç nasıl tasarlanır?,"Kiracı talebi otomasyonunda önce input kaynağı, gerekli alanlar, hata durumu ve karar sahibi ayrılır. Structured extraction yalnız kaynaktaki bilgiyi çıkarır; bulunmayan alan null/unknown kalır. Deterministik validator kural ihlalini durdurur, yüksek etkili veya belirsiz durum insan incelemesine gider. Başarı, yalnız hız değil hata/istisna ve doğru handoff ile ölçülür.",49,https://synapseautomate.github.io/sektorler/gayrimenkul-yonetimi.html,Eksik/çelişkili veya yüksek etkili durumda human review/approval.
A019,Gayrimenkul,randevu planlama,Randevu planlama otomasyonunda güvenilir başlangıç nasıl tasarlanır?,"Randevu planlama otomasyonunda önce input kaynağı, gerekli alanlar, hata durumu ve karar sahibi ayrılır. Structured extraction yalnız kaynaktaki bilgiyi çıkarır; bulunmayan alan null/unknown kalır. Deterministik validator kural ihlalini durdurur, yüksek etkili veya belirsiz durum insan incelemesine gider. Başarı, yalnız hız değil hata/istisna ve doğru handoff ile ölçülür.",49,https://synapseautomate.github.io/sektorler/gayrimenkul-yonetimi.html,Eksik/çelişkili veya yüksek etkili durumda human review/approval.
A020,Gayrimenkul,ilan bilgi kontrolü,Ilan bilgi kontrolü otomasyonunda güvenilir başlangıç nasıl tasarlanır?,"Ilan bilgi kontrolü otomasyonunda önce input kaynağı, gerekli alanlar, hata durumu ve karar sahibi ayrılır. Structured extraction yalnız kaynaktaki bilgiyi çıkarır; bulunmayan alan null/unknown kalır. Deterministik validator kural ihlalini durdurur, yüksek etkili veya belirsiz durum insan incelemesine gider. Başarı, yalnız hız değil hata/istisna ve doğru handoff ile ölçülür.",50,https://synapseautomate.github.io/sektorler/gayrimenkul-yonetimi.html,Eksik/çelişkili veya yüksek etkili durumda human review/approval.
A021,Gayrimenkul,belge sınıflandırma,Belge sınıflandırma otomasyonunda güvenilir başlangıç nasıl tasarlanır?,"Belge sınıflandırma otomasyonunda önce input kaynağı, gerekli alanlar, hata durumu ve karar sahibi ayrılır. Structured extraction yalnız kaynaktaki bilgiyi çıkarır; bulunmayan alan null/unknown kalır. Deterministik validator kural ihlalini durdurur, yüksek etkili veya belirsiz durum insan incelemesine gider. Başarı, yalnız hız değil hata/istisna ve doğru handoff ile ölçülür.",49,https://synapseautomate.github.io/sektorler/gayrimenkul-yonetimi.html,Eksik/çelişkili veya yüksek etkili durumda human review/approval.
A022,Gayrimenkul,teklif takibi,Teklif takibi otomasyonunda güvenilir başlangıç nasıl tasarlanır?,"Teklif takibi otomasyonunda önce input kaynağı, gerekli alanlar, hata durumu ve karar sahibi ayrılır. Structured extraction yalnız kaynaktaki bilgiyi çıkarır; bulunmayan alan null/unknown kalır. Deterministik validator kural ihlalini durdurur, yüksek etkili veya belirsiz durum insan incelemesine gider. Başarı, yalnız hız değil hata/istisna ve doğru handoff ile ölçülür.",49,https://synapseautomate.github.io/sektorler/gayrimenkul-yonetimi.html,Eksik/çelişkili veya yüksek etkili durumda human review/approval.
A023,Gayrimenkul,portföy eşleştirme,Portföy eşleştirme otomasyonunda güvenilir başlangıç nasıl tasarlanır?,"Portföy eşleştirme otomasyonunda önce input kaynağı, gerekli alanlar, hata durumu ve karar sahibi ayrılır. Structured extraction yalnız kaynaktaki bilgiyi çıkarır; bulunmayan alan null/unknown kalır. Deterministik validator kural ihlalini durdurur, yüksek etkili veya belirsiz durum insan incelemesine gider. Başarı, yalnız hız değil hata/istisna ve doğru handoff ile ölçülür.",49,https://synapseautomate.github.io/sektorler/gayrimenkul-yonetimi.html,Eksik/çelişkili veya yüksek etkili durumda human review/approval.
A024,Gayrimenkul,aciliyet sınıflandırma,Aciliyet sınıflandırma otomasyonunda güvenilir başlangıç nasıl tasarlanır?,"Aciliyet sınıflandırma otomasyonunda önce input kaynağı, gerekli alanlar, hata durumu ve karar sahibi ayrılır. Structured extraction yalnız kaynaktaki bilgiyi çıkarır; bulunmayan alan null/unknown kalır. Deterministik validator kural ihlalini durdurur, yüksek etkili veya belirsiz durum insan incelemesine gider. Başarı, yalnız hız değil hata/istisna ve doğru handoff ile ölçülür.",49,https://synapseautomate.github.io/sektorler/gayrimenkul-yonetimi.html,Eksik/çelişkili veya yüksek etkili durumda human review/approval.
A025,Gayrimenkul,saha yönlendirme,Saha yönlendirme otomasyonunda güvenilir başlangıç nasıl tasarlanır?,"Saha yönlendirme otomasyonunda önce input kaynağı, gerekli alanlar, hata durumu ve karar sahibi ayrılır. Structured extraction yalnız kaynaktaki bilgiyi çıkarır; bulunmayan alan null/unknown kalır. Deterministik validator kural ihlalini durdurur, yüksek etkili veya belirsiz durum insan incelemesine gider. Başarı, yalnız hız değil hata/istisna ve doğru handoff ile ölçülür.",49,https://synapseautomate.github.io/sektorler/gayrimenkul-yonetimi.html,Eksik/çelişkili veya yüksek etkili durumda human review/approval.
A026,Gayrimenkul,tekrar temas,Tekrar temas otomasyonunda güvenilir başlangıç nasıl tasarlanır?,"Tekrar temas otomasyonunda önce input kaynağı, gerekli alanlar, hata durumu ve karar sahibi ayrılır. Structured extraction yalnız kaynaktaki bilgiyi çıkarır; bulunmayan alan null/unknown kalır. Deterministik validator kural ihlalini durdurur, yüksek etkili veya belirsiz durum insan incelemesine gider. Başarı, yalnız hız değil hata/istisna ve doğru handoff ile ölçülür.",49,https://synapseautomate.github.io/sektorler/gayrimenkul-yonetimi.html,Eksik/çelişkili veya yüksek etkili durumda human review/approval.
A027,Gayrimenkul,sözleşme metadatası,Sözleşme metadatası otomasyonunda güvenilir başlangıç nasıl tasarlanır?,"Sözleşme metadatası otomasyonunda önce input kaynağı, gerekli alanlar, hata durumu ve karar sahibi ayrılır. Structured extraction yalnız kaynaktaki bilgiyi çıkarır; bulunmayan alan null/unknown kalır. Deterministik validator kural ihlalini durdurur, yüksek etkili veya belirsiz durum insan incelemesine gider. Başarı, yalnız hız değil hata/istisna ve doğru handoff ile ölçülür.",49,https://synapseautomate.github.io/sektorler/gayrimenkul-yonetimi.html,Eksik/çelişkili veya yüksek etkili durumda human review/approval.
A028,Gayrimenkul,ödeme hatırlatma,Ödeme hatırlatma otomasyonunda güvenilir başlangıç nasıl tasarlanır?,"Ödeme hatırlatma otomasyonunda önce input kaynağı, gerekli alanlar, hata durumu ve karar sahibi ayrılır. Structured extraction yalnız kaynaktaki bilgiyi çıkarır; bulunmayan alan null/unknown kalır. Deterministik validator kural ihlalini durdurur, yüksek etkili veya belirsiz durum insan incelemesine gider. Başarı, yalnız hız değil hata/istisna ve doğru handoff ile ölçülür.",49,https://synapseautomate.github.io/sektorler/gayrimenkul-yonetimi.html,Eksik/çelişkili veya yüksek etkili durumda human review/approval.
A029,Gayrimenkul,iş emri,Iş emri otomasyonunda güvenilir başlangıç nasıl tasarlanır?,"Iş emri otomasyonunda önce input kaynağı, gerekli alanlar, hata durumu ve karar sahibi ayrılır. Structured extraction yalnız kaynaktaki bilgiyi çıkarır; bulunmayan alan null/unknown kalır. Deterministik validator kural ihlalini durdurur, yüksek etkili veya belirsiz durum insan incelemesine gider. Başarı, yalnız hız değil hata/istisna ve doğru handoff ile ölçülür.",49,https://synapseautomate.github.io/sektorler/gayrimenkul-yonetimi.html,Eksik/çelişkili veya yüksek etkili durumda human review/approval.
A030,Gayrimenkul,raporlama,Raporlama otomasyonunda güvenilir başlangıç nasıl tasarlanır?,"Raporlama otomasyonunda önce input kaynağı, gerekli alanlar, hata durumu ve karar sahibi ayrılır. Structured extraction yalnız kaynaktaki bilgiyi çıkarır; bulunmayan alan null/unknown kalır. Deterministik validator kural ihlalini durdurur, yüksek etkili veya belirsiz durum insan incelemesine gider. Başarı, yalnız hız değil hata/istisna ve doğru handoff ile ölçülür.",48,https://synapseautomate.github.io/sektorler/gayrimenkul-yonetimi.html,Eksik/çelişkili veya yüksek etkili durumda human review/approval.
A031,Ev Hizmetleri,lead response,Lead response otomasyonunda güvenilir başlangıç nasıl tasarlanır?,"Lead response otomasyonunda önce input kaynağı, gerekli alanlar, hata durumu ve karar sahibi ayrılır. Structured extraction yalnız kaynaktaki bilgiyi çıkarır; bulunmayan alan null/unknown kalır. Deterministik validator kural ihlalini durdurur, yüksek etkili veya belirsiz durum insan incelemesine gider. Başarı, yalnız hız değil hata/istisna ve doğru handoff ile ölçülür.",49,https://synapseautomate.github.io/cozumler/roofing-ev-hizmetleri.html,Eksik/çelişkili veya yüksek etkili durumda human review/approval.
A032,Ev Hizmetleri,bölge uygunluğu,Bölge uygunluğu otomasyonunda güvenilir başlangıç nasıl tasarlanır?,"Bölge uygunluğu otomasyonunda önce input kaynağı, gerekli alanlar, hata durumu ve karar sahibi ayrılır. Structured extraction yalnız kaynaktaki bilgiyi çıkarır; bulunmayan alan null/unknown kalır. Deterministik validator kural ihlalini durdurur, yüksek etkili veya belirsiz durum insan incelemesine gider. Başarı, yalnız hız değil hata/istisna ve doğru handoff ile ölçülür.",49,https://synapseautomate.github.io/cozumler/roofing-ev-hizmetleri.html,Eksik/çelişkili veya yüksek etkili durumda human review/approval.
A033,Ev Hizmetleri,hizmet sınıflandırma,Hizmet sınıflandırma otomasyonunda güvenilir başlangıç nasıl tasarlanır?,"Hizmet sınıflandırma otomasyonunda önce input kaynağı, gerekli alanlar, hata durumu ve karar sahibi ayrılır. Structured extraction yalnız kaynaktaki bilgiyi çıkarır; bulunmayan alan null/unknown kalır. Deterministik validator kural ihlalini durdurur, yüksek etkili veya belirsiz durum insan incelemesine gider. Başarı, yalnız hız değil hata/istisna ve doğru handoff ile ölçülür.",49,https://synapseautomate.github.io/cozumler/roofing-ev-hizmetleri.html,Eksik/çelişkili veya yüksek etkili durumda human review/approval.
A034,Ev Hizmetleri,aciliyet,Aciliyet otomasyonunda güvenilir başlangıç nasıl tasarlanır?,"Aciliyet otomasyonunda önce input kaynağı, gerekli alanlar, hata durumu ve karar sahibi ayrılır. Structured extraction yalnız kaynaktaki bilgiyi çıkarır; bulunmayan alan null/unknown kalır. Deterministik validator kural ihlalini durdurur, yüksek etkili veya belirsiz durum insan incelemesine gider. Başarı, yalnız hız değil hata/istisna ve doğru handoff ile ölçülür.",48,https://synapseautomate.github.io/cozumler/roofing-ev-hizmetleri.html,Eksik/çelişkili veya yüksek etkili durumda human review/approval.
A035,Ev Hizmetleri,bütçe aralığı,Bütçe aralığı otomasyonunda güvenilir başlangıç nasıl tasarlanır?,"Bütçe aralığı otomasyonunda önce input kaynağı, gerekli alanlar, hata durumu ve karar sahibi ayrılır. Structured extraction yalnız kaynaktaki bilgiyi çıkarır; bulunmayan alan null/unknown kalır. Deterministik validator kural ihlalini durdurur, yüksek etkili veya belirsiz durum insan incelemesine gider. Başarı, yalnız hız değil hata/istisna ve doğru handoff ile ölçülür.",49,https://synapseautomate.github.io/cozumler/roofing-ev-hizmetleri.html,Eksik/çelişkili veya yüksek etkili durumda human review/approval.
A036,Ev Hizmetleri,teklif hazırlığı,Teklif hazırlığı otomasyonunda güvenilir başlangıç nasıl tasarlanır?,"Teklif hazırlığı otomasyonunda önce input kaynağı, gerekli alanlar, hata durumu ve karar sahibi ayrılır. Structured extraction yalnız kaynaktaki bilgiyi çıkarır; bulunmayan alan null/unknown kalır. Deterministik validator kural ihlalini durdurur, yüksek etkili veya belirsiz durum insan incelemesine gider. Başarı, yalnız hız değil hata/istisna ve doğru handoff ile ölçülür.",49,https://synapseautomate.github.io/cozumler/roofing-ev-hizmetleri.html,Eksik/çelişkili veya yüksek etkili durumda human review/approval.
A037,Ev Hizmetleri,teklif takibi,Teklif takibi otomasyonunda güvenilir başlangıç nasıl tasarlanır?,"Teklif takibi otomasyonunda önce input kaynağı, gerekli alanlar, hata durumu ve karar sahibi ayrılır. Structured extraction yalnız kaynaktaki bilgiyi çıkarır; bulunmayan alan null/unknown kalır. Deterministik validator kural ihlalini durdurur, yüksek etkili veya belirsiz durum insan incelemesine gider. Başarı, yalnız hız değil hata/istisna ve doğru handoff ile ölçülür.",49,https://synapseautomate.github.io/cozumler/roofing-ev-hizmetleri.html,Eksik/çelişkili veya yüksek etkili durumda human review/approval.
A038,Ev Hizmetleri,saha randevusu,Saha randevusu otomasyonunda güvenilir başlangıç nasıl tasarlanır?,"Saha randevusu otomasyonunda önce input kaynağı, gerekli alanlar, hata durumu ve karar sahibi ayrılır. Structured extraction yalnız kaynaktaki bilgiyi çıkarır; bulunmayan alan null/unknown kalır. Deterministik validator kural ihlalini durdurur, yüksek etkili veya belirsiz durum insan incelemesine gider. Başarı, yalnız hız değil hata/istisna ve doğru handoff ile ölçülür.",49,https://synapseautomate.github.io/cozumler/roofing-ev-hizmetleri.html,Eksik/çelişkili veya yüksek etkili durumda human review/approval.
A039,Ev Hizmetleri,fotoğraf ön inceleme,Fotoğraf ön inceleme otomasyonunda güvenilir başlangıç nasıl tasarlanır?,"Fotoğraf ön inceleme otomasyonunda önce input kaynağı, gerekli alanlar, hata durumu ve karar sahibi ayrılır. Structured extraction yalnız kaynaktaki bilgiyi çıkarır; bulunmayan alan null/unknown kalır. Deterministik validator kural ihlalini durdurur, yüksek etkili veya belirsiz durum insan incelemesine gider. Başarı, yalnız hız değil hata/istisna ve doğru handoff ile ölçülür.",50,https://synapseautomate.github.io/cozumler/roofing-ev-hizmetleri.html,Eksik/çelişkili veya yüksek etkili durumda human review/approval.
A040,Ev Hizmetleri,iş emri,Iş emri otomasyonunda güvenilir başlangıç nasıl tasarlanır?,"Iş emri otomasyonunda önce input kaynağı, gerekli alanlar, hata durumu ve karar sahibi ayrılır. Structured extraction yalnız kaynaktaki bilgiyi çıkarır; bulunmayan alan null/unknown kalır. Deterministik validator kural ihlalini durdurur, yüksek etkili veya belirsiz durum insan incelemesine gider. Başarı, yalnız hız değil hata/istisna ve doğru handoff ile ölçülür.",49,https://synapseautomate.github.io/cozumler/roofing-ev-hizmetleri.html,Eksik/çelişkili veya yüksek etkili durumda human review/approval.
A041,Ev Hizmetleri,müşteri SSS,Müşteri sss otomasyonunda güvenilir başlangıç nasıl tasarlanır?,"Müşteri sss otomasyonunda önce input kaynağı, gerekli alanlar, hata durumu ve karar sahibi ayrılır. Structured extraction yalnız kaynaktaki bilgiyi çıkarır; bulunmayan alan null/unknown kalır. Deterministik validator kural ihlalini durdurur, yüksek etkili veya belirsiz durum insan incelemesine gider. Başarı, yalnız hız değil hata/istisna ve doğru handoff ile ölçülür.",49,https://synapseautomate.github.io/cozumler/roofing-ev-hizmetleri.html,Eksik/çelişkili veya yüksek etkili durumda human review/approval.
A042,Ev Hizmetleri,garanti talebi,Garanti talebi otomasyonunda güvenilir başlangıç nasıl tasarlanır?,"Garanti talebi otomasyonunda önce input kaynağı, gerekli alanlar, hata durumu ve karar sahibi ayrılır. Structured extraction yalnız kaynaktaki bilgiyi çıkarır; bulunmayan alan null/unknown kalır. Deterministik validator kural ihlalini durdurur, yüksek etkili veya belirsiz durum insan incelemesine gider. Başarı, yalnız hız değil hata/istisna ve doğru handoff ile ölçülür.",49,https://synapseautomate.github.io/cozumler/roofing-ev-hizmetleri.html,Eksik/çelişkili veya yüksek etkili durumda human review/approval.
A043,Ev Hizmetleri,yeniden arama,Yeniden arama otomasyonunda güvenilir başlangıç nasıl tasarlanır?,"Yeniden arama otomasyonunda önce input kaynağı, gerekli alanlar, hata durumu ve karar sahibi ayrılır. Structured extraction yalnız kaynaktaki bilgiyi çıkarır; bulunmayan alan null/unknown kalır. Deterministik validator kural ihlalini durdurur, yüksek etkili veya belirsiz durum insan incelemesine gider. Başarı, yalnız hız değil hata/istisna ve doğru handoff ile ölçülür.",49,https://synapseautomate.github.io/cozumler/roofing-ev-hizmetleri.html,Eksik/çelişkili veya yüksek etkili durumda human review/approval.
A044,Ev Hizmetleri,teknisyen yönlendirme,Teknisyen yönlendirme otomasyonunda güvenilir başlangıç nasıl tasarlanır?,"Teknisyen yönlendirme otomasyonunda önce input kaynağı, gerekli alanlar, hata durumu ve karar sahibi ayrılır. Structured extraction yalnız kaynaktaki bilgiyi çıkarır; bulunmayan alan null/unknown kalır. Deterministik validator kural ihlalini durdurur, yüksek etkili veya belirsiz durum insan incelemesine gider. Başarı, yalnız hız değil hata/istisna ve doğru handoff ile ölçülür.",49,https://synapseautomate.github.io/cozumler/roofing-ev-hizmetleri.html,Eksik/çelişkili veya yüksek etkili durumda human review/approval.
A045,Ev Hizmetleri,raporlama,Raporlama otomasyonunda güvenilir başlangıç nasıl tasarlanır?,"Raporlama otomasyonunda önce input kaynağı, gerekli alanlar, hata durumu ve karar sahibi ayrılır. Structured extraction yalnız kaynaktaki bilgiyi çıkarır; bulunmayan alan null/unknown kalır. Deterministik validator kural ihlalini durdurur, yüksek etkili veya belirsiz durum insan incelemesine gider. Başarı, yalnız hız değil hata/istisna ve doğru handoff ile ölçülür.",48,https://synapseautomate.github.io/cozumler/roofing-ev-hizmetleri.html,Eksik/çelişkili veya yüksek etkili durumda human review/approval.
A046,Sağlık/Diş/Wellness,randevu talebi,Randevu talebi otomasyonunda güvenilir başlangıç nasıl tasarlanır?,"Randevu talebi için önce operasyonel amaç, doğrulanmış bilgi kaynağı ve insan devri tanımlanır. Sistem randevu/SSS gibi idari adımları destekleyebilir; kişiye özel tanı, tedavi veya klinik uygunluk hükmü vermez. Hassas veri genel forma taşınmaz. Eksik veya yüksek etkili durumda işlem durur ve yetkili insana devredilir.",45,https://synapseautomate.github.io/rehberler/saglik-randevu-otomasyonu-guvenli-baslangic.html,Tıbbi tavsiye/teşhis/tedavi yok; hassas veri minimizasyonu ve insan devri.
A047,Sağlık/Diş/Wellness,randevu değişikliği,Randevu değişikliği otomasyonunda güvenilir başlangıç nasıl tasarlanır?,"Randevu değişikliği için önce operasyonel amaç, doğrulanmış bilgi kaynağı ve insan devri tanımlanır. Sistem randevu/SSS gibi idari adımları destekleyebilir; kişiye özel tanı, tedavi veya klinik uygunluk hükmü vermez. Hassas veri genel forma taşınmaz. Eksik veya yüksek etkili durumda işlem durur ve yetkili insana devredilir.",45,https://synapseautomate.github.io/rehberler/saglik-randevu-otomasyonu-guvenli-baslangic.html,Tıbbi tavsiye/teşhis/tedavi yok; hassas veri minimizasyonu ve insan devri.
A048,Sağlık/Diş/Wellness,SSS,Sss otomasyonunda güvenilir başlangıç nasıl tasarlanır?,"Sss için önce operasyonel amaç, doğrulanmış bilgi kaynağı ve insan devri tanımlanır. Sistem randevu/SSS gibi idari adımları destekleyebilir; kişiye özel tanı, tedavi veya klinik uygunluk hükmü vermez. Hassas veri genel forma taşınmaz. Eksik veya yüksek etkili durumda işlem durur ve yetkili insana devredilir.",44,https://synapseautomate.github.io/rehberler/saglik-randevu-otomasyonu-guvenli-baslangic.html,Tıbbi tavsiye/teşhis/tedavi yok; hassas veri minimizasyonu ve insan devri.
A049,Sağlık/Diş/Wellness,genel hazırlık bilgisi,Genel hazırlık bilgisi otomasyonunda güvenilir başlangıç nasıl tasarlanır?,"Genel hazırlık bilgisi için önce operasyonel amaç, doğrulanmış bilgi kaynağı ve insan devri tanımlanır. Sistem randevu/SSS gibi idari adımları destekleyebilir; kişiye özel tanı, tedavi veya klinik uygunluk hükmü vermez. Hassas veri genel forma taşınmaz. Eksik veya yüksek etkili durumda işlem durur ve yetkili insana devredilir.",46,https://synapseautomate.github.io/rehberler/saglik-randevu-otomasyonu-guvenli-baslangic.html,Tıbbi tavsiye/teşhis/tedavi yok; hassas veri minimizasyonu ve insan devri.
A050,Sağlık/Diş/Wellness,fiyat bilgisi,Fiyat bilgisi otomasyonunda güvenilir başlangıç nasıl tasarlanır?,"Fiyat bilgisi için önce operasyonel amaç, doğrulanmış bilgi kaynağı ve insan devri tanımlanır. Sistem randevu/SSS gibi idari adımları destekleyebilir; kişiye özel tanı, tedavi veya klinik uygunluk hükmü vermez. Hassas veri genel forma taşınmaz. Eksik veya yüksek etkili durumda işlem durur ve yetkili insana devredilir.",45,https://synapseautomate.github.io/rehberler/saglik-randevu-otomasyonu-guvenli-baslangic.html,Tıbbi tavsiye/teşhis/tedavi yok; hassas veri minimizasyonu ve insan devri.
A051,Sağlık/Diş/Wellness,uygunluk sorusu,Uygunluk sorusu otomasyonunda güvenilir başlangıç nasıl tasarlanır?,"Uygunluk sorusu için önce operasyonel amaç, doğrulanmış bilgi kaynağı ve insan devri tanımlanır. Sistem randevu/SSS gibi idari adımları destekleyebilir; kişiye özel tanı, tedavi veya klinik uygunluk hükmü vermez. Hassas veri genel forma taşınmaz. Eksik veya yüksek etkili durumda işlem durur ve yetkili insana devredilir.",45,https://synapseautomate.github.io/rehberler/saglik-randevu-otomasyonu-guvenli-baslangic.html,Tıbbi tavsiye/teşhis/tedavi yok; hassas veri minimizasyonu ve insan devri.
A052,Sağlık/Diş/Wellness,hassas veri,Hassas veri otomasyonunda güvenilir başlangıç nasıl tasarlanır?,"Hassas veri için önce operasyonel amaç, doğrulanmış bilgi kaynağı ve insan devri tanımlanır. Sistem randevu/SSS gibi idari adımları destekleyebilir; kişiye özel tanı, tedavi veya klinik uygunluk hükmü vermez. Hassas veri genel forma taşınmaz. Eksik veya yüksek etkili durumda işlem durur ve yetkili insana devredilir.",45,https://synapseautomate.github.io/rehberler/saglik-randevu-otomasyonu-guvenli-baslangic.html,Tıbbi tavsiye/teşhis/tedavi yok; hassas veri minimizasyonu ve insan devri.
A053,Sağlık/Diş/Wellness,acil ifade,Acil ifade otomasyonunda güvenilir başlangıç nasıl tasarlanır?,"Acil ifade için önce operasyonel amaç, doğrulanmış bilgi kaynağı ve insan devri tanımlanır. Sistem randevu/SSS gibi idari adımları destekleyebilir; kişiye özel tanı, tedavi veya klinik uygunluk hükmü vermez. Hassas veri genel forma taşınmaz. Eksik veya yüksek etkili durumda işlem durur ve yetkili insana devredilir.",45,https://synapseautomate.github.io/rehberler/saglik-randevu-otomasyonu-guvenli-baslangic.html,Tıbbi tavsiye/teşhis/tedavi yok; hassas veri minimizasyonu ve insan devri.
A054,Sağlık/Diş/Wellness,tedavi sorusu,Tedavi sorusu otomasyonunda güvenilir başlangıç nasıl tasarlanır?,"Tedavi sorusu için önce operasyonel amaç, doğrulanmış bilgi kaynağı ve insan devri tanımlanır. Sistem randevu/SSS gibi idari adımları destekleyebilir; kişiye özel tanı, tedavi veya klinik uygunluk hükmü vermez. Hassas veri genel forma taşınmaz. Eksik veya yüksek etkili durumda işlem durur ve yetkili insana devredilir.",45,https://synapseautomate.github.io/rehberler/saglik-randevu-otomasyonu-guvenli-baslangic.html,Tıbbi tavsiye/teşhis/tedavi yok; hassas veri minimizasyonu ve insan devri.
A055,Sağlık/Diş/Wellness,fotoğraf gönderimi,Fotoğraf gönderimi otomasyonunda güvenilir başlangıç nasıl tasarlanır?,"Fotoğraf gönderimi için önce operasyonel amaç, doğrulanmış bilgi kaynağı ve insan devri tanımlanır. Sistem randevu/SSS gibi idari adımları destekleyebilir; kişiye özel tanı, tedavi veya klinik uygunluk hükmü vermez. Hassas veri genel forma taşınmaz. Eksik veya yüksek etkili durumda işlem durur ve yetkili insana devredilir.",45,https://synapseautomate.github.io/rehberler/saglik-randevu-otomasyonu-guvenli-baslangic.html,Tıbbi tavsiye/teşhis/tedavi yok; hassas veri minimizasyonu ve insan devri.
A056,Sağlık/Diş/Wellness,iptal,Iptal otomasyonunda güvenilir başlangıç nasıl tasarlanır?,"Iptal için önce operasyonel amaç, doğrulanmış bilgi kaynağı ve insan devri tanımlanır. Sistem randevu/SSS gibi idari adımları destekleyebilir; kişiye özel tanı, tedavi veya klinik uygunluk hükmü vermez. Hassas veri genel forma taşınmaz. Eksik veya yüksek etkili durumda işlem durur ve yetkili insana devredilir.",44,https://synapseautomate.github.io/rehberler/saglik-randevu-otomasyonu-guvenli-baslangic.html,Tıbbi tavsiye/teşhis/tedavi yok; hassas veri minimizasyonu ve insan devri.
A057,Sağlık/Diş/Wellness,hatırlatma,Hatırlatma otomasyonunda güvenilir başlangıç nasıl tasarlanır?,"Hatırlatma için önce operasyonel amaç, doğrulanmış bilgi kaynağı ve insan devri tanımlanır. Sistem randevu/SSS gibi idari adımları destekleyebilir; kişiye özel tanı, tedavi veya klinik uygunluk hükmü vermez. Hassas veri genel forma taşınmaz. Eksik veya yüksek etkili durumda işlem durur ve yetkili insana devredilir.",44,https://synapseautomate.github.io/rehberler/saglik-randevu-otomasyonu-guvenli-baslangic.html,Tıbbi tavsiye/teşhis/tedavi yok; hassas veri minimizasyonu ve insan devri.
A058,Sağlık/Diş/Wellness,doküman sınıflandırma,Doküman sınıflandırma otomasyonunda güvenilir başlangıç nasıl tasarlanır?,"Doküman sınıflandırma için önce operasyonel amaç, doğrulanmış bilgi kaynağı ve insan devri tanımlanır. Sistem randevu/SSS gibi idari adımları destekleyebilir; kişiye özel tanı, tedavi veya klinik uygunluk hükmü vermez. Hassas veri genel forma taşınmaz. Eksik veya yüksek etkili durumda işlem durur ve yetkili insana devredilir.",45,https://synapseautomate.github.io/rehberler/saglik-randevu-otomasyonu-guvenli-baslangic.html,Tıbbi tavsiye/teşhis/tedavi yok; hassas veri minimizasyonu ve insan devri.
A059,Sağlık/Diş/Wellness,operasyonel öncelik,Operasyonel öncelik otomasyonunda güvenilir başlangıç nasıl tasarlanır?,"Operasyonel öncelik için önce operasyonel amaç, doğrulanmış bilgi kaynağı ve insan devri tanımlanır. Sistem randevu/SSS gibi idari adımları destekleyebilir; kişiye özel tanı, tedavi veya klinik uygunluk hükmü vermez. Hassas veri genel forma taşınmaz. Eksik veya yüksek etkili durumda işlem durur ve yetkili insana devredilir.",45,https://synapseautomate.github.io/rehberler/saglik-randevu-otomasyonu-guvenli-baslangic.html,Tıbbi tavsiye/teşhis/tedavi yok; hassas veri minimizasyonu ve insan devri.
A060,Sağlık/Diş/Wellness,insan devri,Insan devri otomasyonunda güvenilir başlangıç nasıl tasarlanır?,"Insan devri için önce operasyonel amaç, doğrulanmış bilgi kaynağı ve insan devri tanımlanır. Sistem randevu/SSS gibi idari adımları destekleyebilir; kişiye özel tanı, tedavi veya klinik uygunluk hükmü vermez. Hassas veri genel forma taşınmaz. Eksik veya yüksek etkili durumda işlem durur ve yetkili insana devredilir.",45,https://synapseautomate.github.io/rehberler/saglik-randevu-otomasyonu-guvenli-baslangic.html,Tıbbi tavsiye/teşhis/tedavi yok; hassas veri minimizasyonu ve insan devri.
A061,Finans Operasyonu,işlem sınıflandırma,Işlem sınıflandırma otomasyonunda güvenilir başlangıç nasıl tasarlanır?,"Işlem sınıflandırma için güvenilir akış, kaynağı ayrı tutar, çıkarılan alanı provenance ile eşler ve bilinmeyeni uydurmaz. Deterministik kurallar hangi durumun otomatik ilerleyebileceğini belirler. Parasal sonuç doğuran nihai karar sistemde otomatik yetki değildir; öneri/taslak hazırlanabilir, fakat yetkili insan onayı ve audit izi korunur.",43,https://synapseautomate.github.io/rehberler/finans-ai-otomasyonu-guvenli-baslangic.html,Parasal nihai karar insan yetkisinde.
A062,Finans Operasyonu,anomali sinyali,Anomali sinyali otomasyonunda güvenilir başlangıç nasıl tasarlanır?,"Anomali sinyali için güvenilir akış, kaynağı ayrı tutar, çıkarılan alanı provenance ile eşler ve bilinmeyeni uydurmaz. Deterministik kurallar hangi durumun otomatik ilerleyebileceğini belirler. Parasal sonuç doğuran nihai karar sistemde otomatik yetki değildir; öneri/taslak hazırlanabilir, fakat yetkili insan onayı ve audit izi korunur.",43,https://synapseautomate.github.io/rehberler/finans-ai-otomasyonu-guvenli-baslangic.html,Parasal nihai karar insan yetkisinde.
A063,Finans Operasyonu,mutabakat,Mutabakat otomasyonunda güvenilir başlangıç nasıl tasarlanır?,"Mutabakat için güvenilir akış, kaynağı ayrı tutar, çıkarılan alanı provenance ile eşler ve bilinmeyeni uydurmaz. Deterministik kurallar hangi durumun otomatik ilerleyebileceğini belirler. Parasal sonuç doğuran nihai karar sistemde otomatik yetki değildir; öneri/taslak hazırlanabilir, fakat yetkili insan onayı ve audit izi korunur.",42,https://synapseautomate.github.io/rehberler/finans-ai-otomasyonu-guvenli-baslangic.html,Parasal nihai karar insan yetkisinde.
A064,Finans Operasyonu,fatura eşleştirme,Fatura eşleştirme otomasyonunda güvenilir başlangıç nasıl tasarlanır?,"Fatura eşleştirme için güvenilir akış, kaynağı ayrı tutar, çıkarılan alanı provenance ile eşler ve bilinmeyeni uydurmaz. Deterministik kurallar hangi durumun otomatik ilerleyebileceğini belirler. Parasal sonuç doğuran nihai karar sistemde otomatik yetki değildir; öneri/taslak hazırlanabilir, fakat yetkili insan onayı ve audit izi korunur.",43,https://synapseautomate.github.io/rehberler/finans-ai-otomasyonu-guvenli-baslangic.html,Parasal nihai karar insan yetkisinde.
A065,Finans Operasyonu,raporlama,Raporlama otomasyonunda güvenilir başlangıç nasıl tasarlanır?,"Raporlama için güvenilir akış, kaynağı ayrı tutar, çıkarılan alanı provenance ile eşler ve bilinmeyeni uydurmaz. Deterministik kurallar hangi durumun otomatik ilerleyebileceğini belirler. Parasal sonuç doğuran nihai karar sistemde otomatik yetki değildir; öneri/taslak hazırlanabilir, fakat yetkili insan onayı ve audit izi korunur.",42,https://synapseautomate.github.io/rehberler/finans-ai-otomasyonu-guvenli-baslangic.html,Parasal nihai karar insan yetkisinde.
A066,Finans Operasyonu,bütçe özeti,Bütçe özeti otomasyonunda güvenilir başlangıç nasıl tasarlanır?,"Bütçe özeti için güvenilir akış, kaynağı ayrı tutar, çıkarılan alanı provenance ile eşler ve bilinmeyeni uydurmaz. Deterministik kurallar hangi durumun otomatik ilerleyebileceğini belirler. Parasal sonuç doğuran nihai karar sistemde otomatik yetki değildir; öneri/taslak hazırlanabilir, fakat yetkili insan onayı ve audit izi korunur.",43,https://synapseautomate.github.io/rehberler/finans-ai-otomasyonu-guvenli-baslangic.html,Parasal nihai karar insan yetkisinde.
A067,Finans Operasyonu,iade talebi,Iade talebi otomasyonunda güvenilir başlangıç nasıl tasarlanır?,"Iade talebi için güvenilir akış, kaynağı ayrı tutar, çıkarılan alanı provenance ile eşler ve bilinmeyeni uydurmaz. Deterministik kurallar hangi durumun otomatik ilerleyebileceğini belirler. Parasal sonuç doğuran nihai karar sistemde otomatik yetki değildir; öneri/taslak hazırlanabilir, fakat yetkili insan onayı ve audit izi korunur.",43,https://synapseautomate.github.io/rehberler/finans-ai-otomasyonu-guvenli-baslangic.html,Parasal nihai karar insan yetkisinde.
A068,Finans Operasyonu,ödeme hazırlığı,Ödeme hazırlığı otomasyonunda güvenilir başlangıç nasıl tasarlanır?,"Ödeme hazırlığı için güvenilir akış, kaynağı ayrı tutar, çıkarılan alanı provenance ile eşler ve bilinmeyeni uydurmaz. Deterministik kurallar hangi durumun otomatik ilerleyebileceğini belirler. Parasal sonuç doğuran nihai karar sistemde otomatik yetki değildir; öneri/taslak hazırlanabilir, fakat yetkili insan onayı ve audit izi korunur.",43,https://synapseautomate.github.io/rehberler/finans-ai-otomasyonu-guvenli-baslangic.html,Parasal nihai karar insan yetkisinde.
A069,Finans Operasyonu,fiyat önerisi,Fiyat önerisi otomasyonunda güvenilir başlangıç nasıl tasarlanır?,"Fiyat önerisi için güvenilir akış, kaynağı ayrı tutar, çıkarılan alanı provenance ile eşler ve bilinmeyeni uydurmaz. Deterministik kurallar hangi durumun otomatik ilerleyebileceğini belirler. Parasal sonuç doğuran nihai karar sistemde otomatik yetki değildir; öneri/taslak hazırlanabilir, fakat yetkili insan onayı ve audit izi korunur.",43,https://synapseautomate.github.io/rehberler/finans-ai-otomasyonu-guvenli-baslangic.html,Parasal nihai karar insan yetkisinde.
A070,Finans Operasyonu,risk sinyali,Risk sinyali otomasyonunda güvenilir başlangıç nasıl tasarlanır?,"Risk sinyali için güvenilir akış, kaynağı ayrı tutar, çıkarılan alanı provenance ile eşler ve bilinmeyeni uydurmaz. Deterministik kurallar hangi durumun otomatik ilerleyebileceğini belirler. Parasal sonuç doğuran nihai karar sistemde otomatik yetki değildir; öneri/taslak hazırlanabilir, fakat yetkili insan onayı ve audit izi korunur.",43,https://synapseautomate.github.io/rehberler/finans-ai-otomasyonu-guvenli-baslangic.html,Parasal nihai karar insan yetkisinde.
A071,Finans Operasyonu,belge çıkarımı,Belge çıkarımı otomasyonunda güvenilir başlangıç nasıl tasarlanır?,"Belge çıkarımı için güvenilir akış, kaynağı ayrı tutar, çıkarılan alanı provenance ile eşler ve bilinmeyeni uydurmaz. Deterministik kurallar hangi durumun otomatik ilerleyebileceğini belirler. Parasal sonuç doğuran nihai karar sistemde otomatik yetki değildir; öneri/taslak hazırlanabilir, fakat yetkili insan onayı ve audit izi korunur.",43,https://synapseautomate.github.io/rehberler/finans-ai-otomasyonu-guvenli-baslangic.html,Parasal nihai karar insan yetkisinde.
A072,Finans Operasyonu,kural doğrulama,Kural doğrulama otomasyonunda güvenilir başlangıç nasıl tasarlanır?,"Kural doğrulama için güvenilir akış, kaynağı ayrı tutar, çıkarılan alanı provenance ile eşler ve bilinmeyeni uydurmaz. Deterministik kurallar hangi durumun otomatik ilerleyebileceğini belirler. Parasal sonuç doğuran nihai karar sistemde otomatik yetki değildir; öneri/taslak hazırlanabilir, fakat yetkili insan onayı ve audit izi korunur.",43,https://synapseautomate.github.io/rehberler/finans-ai-otomasyonu-guvenli-baslangic.html,Parasal nihai karar insan yetkisinde.
A073,Finans Operasyonu,istisna kuyruğu,Istisna kuyruğu otomasyonunda güvenilir başlangıç nasıl tasarlanır?,"Istisna kuyruğu için güvenilir akış, kaynağı ayrı tutar, çıkarılan alanı provenance ile eşler ve bilinmeyeni uydurmaz. Deterministik kurallar hangi durumun otomatik ilerleyebileceğini belirler. Parasal sonuç doğuran nihai karar sistemde otomatik yetki değildir; öneri/taslak hazırlanabilir, fakat yetkili insan onayı ve audit izi korunur.",43,https://synapseautomate.github.io/rehberler/finans-ai-otomasyonu-guvenli-baslangic.html,Parasal nihai karar insan yetkisinde.
A074,Finans Operasyonu,onay akışı,Onay akışı otomasyonunda güvenilir başlangıç nasıl tasarlanır?,"Onay akışı için güvenilir akış, kaynağı ayrı tutar, çıkarılan alanı provenance ile eşler ve bilinmeyeni uydurmaz. Deterministik kurallar hangi durumun otomatik ilerleyebileceğini belirler. Parasal sonuç doğuran nihai karar sistemde otomatik yetki değildir; öneri/taslak hazırlanabilir, fakat yetkili insan onayı ve audit izi korunur.",43,https://synapseautomate.github.io/rehberler/finans-ai-otomasyonu-guvenli-baslangic.html,Parasal nihai karar insan yetkisinde.
A075,Finans Operasyonu,audit log,Audit log otomasyonunda güvenilir başlangıç nasıl tasarlanır?,"Audit log için güvenilir akış, kaynağı ayrı tutar, çıkarılan alanı provenance ile eşler ve bilinmeyeni uydurmaz. Deterministik kurallar hangi durumun otomatik ilerleyebileceğini belirler. Parasal sonuç doğuran nihai karar sistemde otomatik yetki değildir; öneri/taslak hazırlanabilir, fakat yetkili insan onayı ve audit izi korunur.",43,https://synapseautomate.github.io/rehberler/finans-ai-otomasyonu-guvenli-baslangic.html,Parasal nihai karar insan yetkisinde.
A076,Hukuk/Uyum,madde bulma,Madde bulma otomasyonunda güvenilir başlangıç nasıl tasarlanır?,"Madde bulma için güvenilir akış, kaynağı ayrı tutar, çıkarılan alanı provenance ile eşler ve bilinmeyeni uydurmaz. Deterministik kurallar hangi durumun otomatik ilerleyebileceğini belirler. Bağlayıcı hukuki sonuç doğuran nihai karar sistemde otomatik yetki değildir; öneri/taslak hazırlanabilir, fakat yetkili insan onayı ve audit izi korunur.",44,https://synapseautomate.github.io/sektorler/hukuk.html,Bağlayıcı hukuki nihai karar insan yetkisinde.
A077,Hukuk/Uyum,doküman sınıflandırma,Doküman sınıflandırma otomasyonunda güvenilir başlangıç nasıl tasarlanır?,"Doküman sınıflandırma için güvenilir akış, kaynağı ayrı tutar, çıkarılan alanı provenance ile eşler ve bilinmeyeni uydurmaz. Deterministik kurallar hangi durumun otomatik ilerleyebileceğini belirler. Bağlayıcı hukuki sonuç doğuran nihai karar sistemde otomatik yetki değildir; öneri/taslak hazırlanabilir, fakat yetkili insan onayı ve audit izi korunur.",44,https://synapseautomate.github.io/sektorler/hukuk.html,Bağlayıcı hukuki nihai karar insan yetkisinde.
A078,Hukuk/Uyum,sürüm karşılaştırma,Sürüm karşılaştırma otomasyonunda güvenilir başlangıç nasıl tasarlanır?,"Sürüm karşılaştırma için güvenilir akış, kaynağı ayrı tutar, çıkarılan alanı provenance ile eşler ve bilinmeyeni uydurmaz. Deterministik kurallar hangi durumun otomatik ilerleyebileceğini belirler. Bağlayıcı hukuki sonuç doğuran nihai karar sistemde otomatik yetki değildir; öneri/taslak hazırlanabilir, fakat yetkili insan onayı ve audit izi korunur.",44,https://synapseautomate.github.io/sektorler/hukuk.html,Bağlayıcı hukuki nihai karar insan yetkisinde.
A079,Hukuk/Uyum,yükümlülük çıkarımı,Yükümlülük çıkarımı otomasyonunda güvenilir başlangıç nasıl tasarlanır?,"Yükümlülük çıkarımı için güvenilir akış, kaynağı ayrı tutar, çıkarılan alanı provenance ile eşler ve bilinmeyeni uydurmaz. Deterministik kurallar hangi durumun otomatik ilerleyebileceğini belirler. Bağlayıcı hukuki sonuç doğuran nihai karar sistemde otomatik yetki değildir; öneri/taslak hazırlanabilir, fakat yetkili insan onayı ve audit izi korunur.",44,https://synapseautomate.github.io/sektorler/hukuk.html,Bağlayıcı hukuki nihai karar insan yetkisinde.
A080,Hukuk/Uyum,tarih çıkarımı,Tarih çıkarımı otomasyonunda güvenilir başlangıç nasıl tasarlanır?,"Tarih çıkarımı için güvenilir akış, kaynağı ayrı tutar, çıkarılan alanı provenance ile eşler ve bilinmeyeni uydurmaz. Deterministik kurallar hangi durumun otomatik ilerleyebileceğini belirler. Bağlayıcı hukuki sonuç doğuran nihai karar sistemde otomatik yetki değildir; öneri/taslak hazırlanabilir, fakat yetkili insan onayı ve audit izi korunur.",44,https://synapseautomate.github.io/sektorler/hukuk.html,Bağlayıcı hukuki nihai karar insan yetkisinde.
A081,Hukuk/Uyum,kaynak gösterimi,Kaynak gösterimi otomasyonunda güvenilir başlangıç nasıl tasarlanır?,"Kaynak gösterimi için güvenilir akış, kaynağı ayrı tutar, çıkarılan alanı provenance ile eşler ve bilinmeyeni uydurmaz. Deterministik kurallar hangi durumun otomatik ilerleyebileceğini belirler. Bağlayıcı hukuki sonuç doğuran nihai karar sistemde otomatik yetki değildir; öneri/taslak hazırlanabilir, fakat yetkili insan onayı ve audit izi korunur.",44,https://synapseautomate.github.io/sektorler/hukuk.html,Bağlayıcı hukuki nihai karar insan yetkisinde.
A082,Hukuk/Uyum,taslak özet,Taslak özet otomasyonunda güvenilir başlangıç nasıl tasarlanır?,"Taslak özet için güvenilir akış, kaynağı ayrı tutar, çıkarılan alanı provenance ile eşler ve bilinmeyeni uydurmaz. Deterministik kurallar hangi durumun otomatik ilerleyebileceğini belirler. Bağlayıcı hukuki sonuç doğuran nihai karar sistemde otomatik yetki değildir; öneri/taslak hazırlanabilir, fakat yetkili insan onayı ve audit izi korunur.",44,https://synapseautomate.github.io/sektorler/hukuk.html,Bağlayıcı hukuki nihai karar insan yetkisinde.
A083,Hukuk/Uyum,risk işaretleme,Risk işaretleme otomasyonunda güvenilir başlangıç nasıl tasarlanır?,"Risk işaretleme için güvenilir akış, kaynağı ayrı tutar, çıkarılan alanı provenance ile eşler ve bilinmeyeni uydurmaz. Deterministik kurallar hangi durumun otomatik ilerleyebileceğini belirler. Bağlayıcı hukuki sonuç doğuran nihai karar sistemde otomatik yetki değildir; öneri/taslak hazırlanabilir, fakat yetkili insan onayı ve audit izi korunur.",44,https://synapseautomate.github.io/sektorler/hukuk.html,Bağlayıcı hukuki nihai karar insan yetkisinde.
A084,Hukuk/Uyum,inceleme kuyruğu,Inceleme kuyruğu otomasyonunda güvenilir başlangıç nasıl tasarlanır?,"Inceleme kuyruğu için güvenilir akış, kaynağı ayrı tutar, çıkarılan alanı provenance ile eşler ve bilinmeyeni uydurmaz. Deterministik kurallar hangi durumun otomatik ilerleyebileceğini belirler. Bağlayıcı hukuki sonuç doğuran nihai karar sistemde otomatik yetki değildir; öneri/taslak hazırlanabilir, fakat yetkili insan onayı ve audit izi korunur.",44,https://synapseautomate.github.io/sektorler/hukuk.html,Bağlayıcı hukuki nihai karar insan yetkisinde.
A085,Hukuk/Uyum,onay akışı,Onay akışı otomasyonunda güvenilir başlangıç nasıl tasarlanır?,"Onay akışı için güvenilir akış, kaynağı ayrı tutar, çıkarılan alanı provenance ile eşler ve bilinmeyeni uydurmaz. Deterministik kurallar hangi durumun otomatik ilerleyebileceğini belirler. Bağlayıcı hukuki sonuç doğuran nihai karar sistemde otomatik yetki değildir; öneri/taslak hazırlanabilir, fakat yetkili insan onayı ve audit izi korunur.",44,https://synapseautomate.github.io/sektorler/hukuk.html,Bağlayıcı hukuki nihai karar insan yetkisinde.
A086,Hukuk/Uyum,sözleşme metadatası,Sözleşme metadatası otomasyonunda güvenilir başlangıç nasıl tasarlanır?,"Sözleşme metadatası için güvenilir akış, kaynağı ayrı tutar, çıkarılan alanı provenance ile eşler ve bilinmeyeni uydurmaz. Deterministik kurallar hangi durumun otomatik ilerleyebileceğini belirler. Bağlayıcı hukuki sonuç doğuran nihai karar sistemde otomatik yetki değildir; öneri/taslak hazırlanabilir, fakat yetkili insan onayı ve audit izi korunur.",44,https://synapseautomate.github.io/sektorler/hukuk.html,Bağlayıcı hukuki nihai karar insan yetkisinde.
A087,Hukuk/Uyum,değişiklik takibi,Değişiklik takibi otomasyonunda güvenilir başlangıç nasıl tasarlanır?,"Değişiklik takibi için güvenilir akış, kaynağı ayrı tutar, çıkarılan alanı provenance ile eşler ve bilinmeyeni uydurmaz. Deterministik kurallar hangi durumun otomatik ilerleyebileceğini belirler. Bağlayıcı hukuki sonuç doğuran nihai karar sistemde otomatik yetki değildir; öneri/taslak hazırlanabilir, fakat yetkili insan onayı ve audit izi korunur.",44,https://synapseautomate.github.io/sektorler/hukuk.html,Bağlayıcı hukuki nihai karar insan yetkisinde.
A088,Hukuk/Uyum,kanıt izi,Kanıt izi otomasyonunda güvenilir başlangıç nasıl tasarlanır?,"Kanıt izi için güvenilir akış, kaynağı ayrı tutar, çıkarılan alanı provenance ile eşler ve bilinmeyeni uydurmaz. Deterministik kurallar hangi durumun otomatik ilerleyebileceğini belirler. Bağlayıcı hukuki sonuç doğuran nihai karar sistemde otomatik yetki değildir; öneri/taslak hazırlanabilir, fakat yetkili insan onayı ve audit izi korunur.",44,https://synapseautomate.github.io/sektorler/hukuk.html,Bağlayıcı hukuki nihai karar insan yetkisinde.
A089,Hukuk/Uyum,belirsizlik,Belirsizlik otomasyonunda güvenilir başlangıç nasıl tasarlanır?,"Belirsizlik için güvenilir akış, kaynağı ayrı tutar, çıkarılan alanı provenance ile eşler ve bilinmeyeni uydurmaz. Deterministik kurallar hangi durumun otomatik ilerleyebileceğini belirler. Bağlayıcı hukuki sonuç doğuran nihai karar sistemde otomatik yetki değildir; öneri/taslak hazırlanabilir, fakat yetkili insan onayı ve audit izi korunur.",43,https://synapseautomate.github.io/sektorler/hukuk.html,Bağlayıcı hukuki nihai karar insan yetkisinde.
A090,Hukuk/Uyum,insan devri,Insan devri otomasyonunda güvenilir başlangıç nasıl tasarlanır?,"Insan devri için güvenilir akış, kaynağı ayrı tutar, çıkarılan alanı provenance ile eşler ve bilinmeyeni uydurmaz. Deterministik kurallar hangi durumun otomatik ilerleyebileceğini belirler. Bağlayıcı hukuki sonuç doğuran nihai karar sistemde otomatik yetki değildir; öneri/taslak hazırlanabilir, fakat yetkili insan onayı ve audit izi korunur.",44,https://synapseautomate.github.io/sektorler/hukuk.html,Bağlayıcı hukuki nihai karar insan yetkisinde.
A091,Üretim/Lojistik,sipariş belgesi,Sipariş belgesi otomasyonunda güvenilir başlangıç nasıl tasarlanır?,"Sipariş belgesi otomasyonunda önce input kaynağı, gerekli alanlar, hata durumu ve karar sahibi ayrılır. Structured extraction yalnız kaynaktaki bilgiyi çıkarır; bulunmayan alan null/unknown kalır. Deterministik validator kural ihlalini durdurur, yüksek etkili veya belirsiz durum insan incelemesine gider. Başarı, yalnız hız değil hata/istisna ve doğru handoff ile ölçülür.",49,https://synapseautomate.github.io/rehberler/uretim-lojistik-ai-otomasyon-satin-alma-rehberi.html,Eksik/çelişkili veya yüksek etkili durumda human review/approval.
A092,Üretim/Lojistik,irsaliye çıkarımı,Irsaliye çıkarımı otomasyonunda güvenilir başlangıç nasıl tasarlanır?,"Irsaliye çıkarımı otomasyonunda önce input kaynağı, gerekli alanlar, hata durumu ve karar sahibi ayrılır. Structured extraction yalnız kaynaktaki bilgiyi çıkarır; bulunmayan alan null/unknown kalır. Deterministik validator kural ihlalini durdurur, yüksek etkili veya belirsiz durum insan incelemesine gider. Başarı, yalnız hız değil hata/istisna ve doğru handoff ile ölçülür.",49,https://synapseautomate.github.io/rehberler/uretim-lojistik-ai-otomasyon-satin-alma-rehberi.html,Eksik/çelişkili veya yüksek etkili durumda human review/approval.
A093,Üretim/Lojistik,stok hareketi,Stok hareketi otomasyonunda güvenilir başlangıç nasıl tasarlanır?,"Stok hareketi otomasyonunda önce input kaynağı, gerekli alanlar, hata durumu ve karar sahibi ayrılır. Structured extraction yalnız kaynaktaki bilgiyi çıkarır; bulunmayan alan null/unknown kalır. Deterministik validator kural ihlalini durdurur, yüksek etkili veya belirsiz durum insan incelemesine gider. Başarı, yalnız hız değil hata/istisna ve doğru handoff ile ölçülür.",49,https://synapseautomate.github.io/rehberler/uretim-lojistik-ai-otomasyon-satin-alma-rehberi.html,Eksik/çelişkili veya yüksek etkili durumda human review/approval.
A094,Üretim/Lojistik,sevkiyat durumu,Sevkiyat durumu otomasyonunda güvenilir başlangıç nasıl tasarlanır?,"Sevkiyat durumu otomasyonunda önce input kaynağı, gerekli alanlar, hata durumu ve karar sahibi ayrılır. Structured extraction yalnız kaynaktaki bilgiyi çıkarır; bulunmayan alan null/unknown kalır. Deterministik validator kural ihlalini durdurur, yüksek etkili veya belirsiz durum insan incelemesine gider. Başarı, yalnız hız değil hata/istisna ve doğru handoff ile ölçülür.",49,https://synapseautomate.github.io/rehberler/uretim-lojistik-ai-otomasyon-satin-alma-rehberi.html,Eksik/çelişkili veya yüksek etkili durumda human review/approval.
A095,Üretim/Lojistik,teslimat istisnası,Teslimat istisnası otomasyonunda güvenilir başlangıç nasıl tasarlanır?,"Teslimat istisnası otomasyonunda önce input kaynağı, gerekli alanlar, hata durumu ve karar sahibi ayrılır. Structured extraction yalnız kaynaktaki bilgiyi çıkarır; bulunmayan alan null/unknown kalır. Deterministik validator kural ihlalini durdurur, yüksek etkili veya belirsiz durum insan incelemesine gider. Başarı, yalnız hız değil hata/istisna ve doğru handoff ile ölçülür.",49,https://synapseautomate.github.io/rehberler/uretim-lojistik-ai-otomasyon-satin-alma-rehberi.html,Eksik/çelişkili veya yüksek etkili durumda human review/approval.
A096,Üretim/Lojistik,kalite kaydı,Kalite kaydı otomasyonunda güvenilir başlangıç nasıl tasarlanır?,"Kalite kaydı otomasyonunda önce input kaynağı, gerekli alanlar, hata durumu ve karar sahibi ayrılır. Structured extraction yalnız kaynaktaki bilgiyi çıkarır; bulunmayan alan null/unknown kalır. Deterministik validator kural ihlalini durdurur, yüksek etkili veya belirsiz durum insan incelemesine gider. Başarı, yalnız hız değil hata/istisna ve doğru handoff ile ölçülür.",49,https://synapseautomate.github.io/rehberler/uretim-lojistik-ai-otomasyon-satin-alma-rehberi.html,Eksik/çelişkili veya yüksek etkili durumda human review/approval.
A097,Üretim/Lojistik,bakım talebi,Bakım talebi otomasyonunda güvenilir başlangıç nasıl tasarlanır?,"Bakım talebi otomasyonunda önce input kaynağı, gerekli alanlar, hata durumu ve karar sahibi ayrılır. Structured extraction yalnız kaynaktaki bilgiyi çıkarır; bulunmayan alan null/unknown kalır. Deterministik validator kural ihlalini durdurur, yüksek etkili veya belirsiz durum insan incelemesine gider. Başarı, yalnız hız değil hata/istisna ve doğru handoff ile ölçülür.",49,https://synapseautomate.github.io/rehberler/uretim-lojistik-ai-otomasyon-satin-alma-rehberi.html,Eksik/çelişkili veya yüksek etkili durumda human review/approval.
A098,Üretim/Lojistik,tedarikçi belge kontrolü,Tedarikçi belge kontrolü otomasyonunda güvenilir başlangıç nasıl tasarlanır?,"Tedarikçi belge kontrolü otomasyonunda önce input kaynağı, gerekli alanlar, hata durumu ve karar sahibi ayrılır. Structured extraction yalnız kaynaktaki bilgiyi çıkarır; bulunmayan alan null/unknown kalır. Deterministik validator kural ihlalini durdurur, yüksek etkili veya belirsiz durum insan incelemesine gider. Başarı, yalnız hız değil hata/istisna ve doğru handoff ile ölçülür.",50,https://synapseautomate.github.io/rehberler/uretim-lojistik-ai-otomasyon-satin-alma-rehberi.html,Eksik/çelişkili veya yüksek etkili durumda human review/approval.
A099,Üretim/Lojistik,iş emri,Iş emri otomasyonunda güvenilir başlangıç nasıl tasarlanır?,"Iş emri otomasyonunda önce input kaynağı, gerekli alanlar, hata durumu ve karar sahibi ayrılır. Structured extraction yalnız kaynaktaki bilgiyi çıkarır; bulunmayan alan null/unknown kalır. Deterministik validator kural ihlalini durdurur, yüksek etkili veya belirsiz durum insan incelemesine gider. Başarı, yalnız hız değil hata/istisna ve doğru handoff ile ölçülür.",49,https://synapseautomate.github.io/rehberler/uretim-lojistik-ai-otomasyon-satin-alma-rehberi.html,Eksik/çelişkili veya yüksek etkili durumda human review/approval.
A100,Üretim/Lojistik,depo sayımı,Depo sayımı otomasyonunda güvenilir başlangıç nasıl tasarlanır?,"Depo sayımı otomasyonunda önce input kaynağı, gerekli alanlar, hata durumu ve karar sahibi ayrılır. Structured extraction yalnız kaynaktaki bilgiyi çıkarır; bulunmayan alan null/unknown kalır. Deterministik validator kural ihlalini durdurur, yüksek etkili veya belirsiz durum insan incelemesine gider. Başarı, yalnız hız değil hata/istisna ve doğru handoff ile ölçülür.",49,https://synapseautomate.github.io/rehberler/uretim-lojistik-ai-otomasyon-satin-alma-rehberi.html,Eksik/çelişkili veya yüksek etkili durumda human review/approval.
A101,Üretim/Lojistik,SKU eşleştirme,Sku eşleştirme otomasyonunda güvenilir başlangıç nasıl tasarlanır?,"Sku eşleştirme otomasyonunda önce input kaynağı, gerekli alanlar, hata durumu ve karar sahibi ayrılır. Structured extraction yalnız kaynaktaki bilgiyi çıkarır; bulunmayan alan null/unknown kalır. Deterministik validator kural ihlalini durdurur, yüksek etkili veya belirsiz durum insan incelemesine gider. Başarı, yalnız hız değil hata/istisna ve doğru handoff ile ölçülür.",49,https://synapseautomate.github.io/rehberler/uretim-lojistik-ai-otomasyon-satin-alma-rehberi.html,Eksik/çelişkili veya yüksek etkili durumda human review/approval.
A102,Üretim/Lojistik,hasar kaydı,Hasar kaydı otomasyonunda güvenilir başlangıç nasıl tasarlanır?,"Hasar kaydı otomasyonunda önce input kaynağı, gerekli alanlar, hata durumu ve karar sahibi ayrılır. Structured extraction yalnız kaynaktaki bilgiyi çıkarır; bulunmayan alan null/unknown kalır. Deterministik validator kural ihlalini durdurur, yüksek etkili veya belirsiz durum insan incelemesine gider. Başarı, yalnız hız değil hata/istisna ve doğru handoff ile ölçülür.",49,https://synapseautomate.github.io/rehberler/uretim-lojistik-ai-otomasyon-satin-alma-rehberi.html,Eksik/çelişkili veya yüksek etkili durumda human review/approval.
A103,Üretim/Lojistik,rota istisnası,Rota istisnası otomasyonunda güvenilir başlangıç nasıl tasarlanır?,"Rota istisnası otomasyonunda önce input kaynağı, gerekli alanlar, hata durumu ve karar sahibi ayrılır. Structured extraction yalnız kaynaktaki bilgiyi çıkarır; bulunmayan alan null/unknown kalır. Deterministik validator kural ihlalini durdurur, yüksek etkili veya belirsiz durum insan incelemesine gider. Başarı, yalnız hız değil hata/istisna ve doğru handoff ile ölçülür.",49,https://synapseautomate.github.io/rehberler/uretim-lojistik-ai-otomasyon-satin-alma-rehberi.html,Eksik/çelişkili veya yüksek etkili durumda human review/approval.
A104,Üretim/Lojistik,raporlama,Raporlama otomasyonunda güvenilir başlangıç nasıl tasarlanır?,"Raporlama otomasyonunda önce input kaynağı, gerekli alanlar, hata durumu ve karar sahibi ayrılır. Structured extraction yalnız kaynaktaki bilgiyi çıkarır; bulunmayan alan null/unknown kalır. Deterministik validator kural ihlalini durdurur, yüksek etkili veya belirsiz durum insan incelemesine gider. Başarı, yalnız hız değil hata/istisna ve doğru handoff ile ölçülür.",48,https://synapseautomate.github.io/rehberler/uretim-lojistik-ai-otomasyon-satin-alma-rehberi.html,Eksik/çelişkili veya yüksek etkili durumda human review/approval.
A105,Üretim/Lojistik,onay akışı,Onay akışı otomasyonunda güvenilir başlangıç nasıl tasarlanır?,"Onay akışı otomasyonunda önce input kaynağı, gerekli alanlar, hata durumu ve karar sahibi ayrılır. Structured extraction yalnız kaynaktaki bilgiyi çıkarır; bulunmayan alan null/unknown kalır. Deterministik validator kural ihlalini durdurur, yüksek etkili veya belirsiz durum insan incelemesine gider. Başarı, yalnız hız değil hata/istisna ve doğru handoff ile ölçülür.",49,https://synapseautomate.github.io/rehberler/uretim-lojistik-ai-otomasyon-satin-alma-rehberi.html,Eksik/çelişkili veya yüksek etkili durumda human review/approval.
A106,Eğitim,başvuru sınıflandırma,Başvuru sınıflandırma otomasyonunda güvenilir başlangıç nasıl tasarlanır?,"Başvuru sınıflandırma otomasyonunda önce input kaynağı, gerekli alanlar, hata durumu ve karar sahibi ayrılır. Structured extraction yalnız kaynaktaki bilgiyi çıkarır; bulunmayan alan null/unknown kalır. Deterministik validator kural ihlalini durdurur, yüksek etkili veya belirsiz durum insan incelemesine gider. Başarı, yalnız hız değil hata/istisna ve doğru handoff ile ölçülür.",49,https://synapseautomate.github.io/sektorler/egitim.html,Eksik/çelişkili veya yüksek etkili durumda human review/approval.
A107,Eğitim,doküman kontrolü,Doküman kontrolü otomasyonunda güvenilir başlangıç nasıl tasarlanır?,"Doküman kontrolü otomasyonunda önce input kaynağı, gerekli alanlar, hata durumu ve karar sahibi ayrılır. Structured extraction yalnız kaynaktaki bilgiyi çıkarır; bulunmayan alan null/unknown kalır. Deterministik validator kural ihlalini durdurur, yüksek etkili veya belirsiz durum insan incelemesine gider. Başarı, yalnız hız değil hata/istisna ve doğru handoff ile ölçülür.",49,https://synapseautomate.github.io/sektorler/egitim.html,Eksik/çelişkili veya yüksek etkili durumda human review/approval.
A108,Eğitim,randevu,Randevu otomasyonunda güvenilir başlangıç nasıl tasarlanır?,"Randevu otomasyonunda önce input kaynağı, gerekli alanlar, hata durumu ve karar sahibi ayrılır. Structured extraction yalnız kaynaktaki bilgiyi çıkarır; bulunmayan alan null/unknown kalır. Deterministik validator kural ihlalini durdurur, yüksek etkili veya belirsiz durum insan incelemesine gider. Başarı, yalnız hız değil hata/istisna ve doğru handoff ile ölçülür.",48,https://synapseautomate.github.io/sektorler/egitim.html,Eksik/çelişkili veya yüksek etkili durumda human review/approval.
A109,Eğitim,SSS,Sss otomasyonunda güvenilir başlangıç nasıl tasarlanır?,"Sss otomasyonunda önce input kaynağı, gerekli alanlar, hata durumu ve karar sahibi ayrılır. Structured extraction yalnız kaynaktaki bilgiyi çıkarır; bulunmayan alan null/unknown kalır. Deterministik validator kural ihlalini durdurur, yüksek etkili veya belirsiz durum insan incelemesine gider. Başarı, yalnız hız değil hata/istisna ve doğru handoff ile ölçülür.",48,https://synapseautomate.github.io/sektorler/egitim.html,Eksik/çelişkili veya yüksek etkili durumda human review/approval.
A110,Eğitim,kayıt akışı,Kayıt akışı otomasyonunda güvenilir başlangıç nasıl tasarlanır?,"Kayıt akışı otomasyonunda önce input kaynağı, gerekli alanlar, hata durumu ve karar sahibi ayrılır. Structured extraction yalnız kaynaktaki bilgiyi çıkarır; bulunmayan alan null/unknown kalır. Deterministik validator kural ihlalini durdurur, yüksek etkili veya belirsiz durum insan incelemesine gider. Başarı, yalnız hız değil hata/istisna ve doğru handoff ile ölçülür.",49,https://synapseautomate.github.io/sektorler/egitim.html,Eksik/çelişkili veya yüksek etkili durumda human review/approval.
A111,Eğitim,ödev metadatası,Ödev metadatası otomasyonunda güvenilir başlangıç nasıl tasarlanır?,"Ödev metadatası otomasyonunda önce input kaynağı, gerekli alanlar, hata durumu ve karar sahibi ayrılır. Structured extraction yalnız kaynaktaki bilgiyi çıkarır; bulunmayan alan null/unknown kalır. Deterministik validator kural ihlalini durdurur, yüksek etkili veya belirsiz durum insan incelemesine gider. Başarı, yalnız hız değil hata/istisna ve doğru handoff ile ölçülür.",49,https://synapseautomate.github.io/sektorler/egitim.html,Eksik/çelişkili veya yüksek etkili durumda human review/approval.
A112,Eğitim,içerik etiketleme,Içerik etiketleme otomasyonunda güvenilir başlangıç nasıl tasarlanır?,"Içerik etiketleme otomasyonunda önce input kaynağı, gerekli alanlar, hata durumu ve karar sahibi ayrılır. Structured extraction yalnız kaynaktaki bilgiyi çıkarır; bulunmayan alan null/unknown kalır. Deterministik validator kural ihlalini durdurur, yüksek etkili veya belirsiz durum insan incelemesine gider. Başarı, yalnız hız değil hata/istisna ve doğru handoff ile ölçülür.",49,https://synapseautomate.github.io/sektorler/egitim.html,Eksik/çelişkili veya yüksek etkili durumda human review/approval.
A113,Eğitim,destek talebi,Destek talebi otomasyonunda güvenilir başlangıç nasıl tasarlanır?,"Destek talebi otomasyonunda önce input kaynağı, gerekli alanlar, hata durumu ve karar sahibi ayrılır. Structured extraction yalnız kaynaktaki bilgiyi çıkarır; bulunmayan alan null/unknown kalır. Deterministik validator kural ihlalini durdurur, yüksek etkili veya belirsiz durum insan incelemesine gider. Başarı, yalnız hız değil hata/istisna ve doğru handoff ile ölçülür.",49,https://synapseautomate.github.io/sektorler/egitim.html,Eksik/çelişkili veya yüksek etkili durumda human review/approval.
A114,Eğitim,ödeme durumu,Ödeme durumu otomasyonunda güvenilir başlangıç nasıl tasarlanır?,"Ödeme durumu otomasyonunda önce input kaynağı, gerekli alanlar, hata durumu ve karar sahibi ayrılır. Structured extraction yalnız kaynaktaki bilgiyi çıkarır; bulunmayan alan null/unknown kalır. Deterministik validator kural ihlalini durdurur, yüksek etkili veya belirsiz durum insan incelemesine gider. Başarı, yalnız hız değil hata/istisna ve doğru handoff ile ölçülür.",49,https://synapseautomate.github.io/sektorler/egitim.html,Eksik/çelişkili veya yüksek etkili durumda human review/approval.
A115,Eğitim,belge çıkarımı,Belge çıkarımı otomasyonunda güvenilir başlangıç nasıl tasarlanır?,"Belge çıkarımı otomasyonunda önce input kaynağı, gerekli alanlar, hata durumu ve karar sahibi ayrılır. Structured extraction yalnız kaynaktaki bilgiyi çıkarır; bulunmayan alan null/unknown kalır. Deterministik validator kural ihlalini durdurur, yüksek etkili veya belirsiz durum insan incelemesine gider. Başarı, yalnız hız değil hata/istisna ve doğru handoff ile ölçülür.",49,https://synapseautomate.github.io/sektorler/egitim.html,Eksik/çelişkili veya yüksek etkili durumda human review/approval.
A116,Eğitim,raporlama,Raporlama otomasyonunda güvenilir başlangıç nasıl tasarlanır?,"Raporlama otomasyonunda önce input kaynağı, gerekli alanlar, hata durumu ve karar sahibi ayrılır. Structured extraction yalnız kaynaktaki bilgiyi çıkarır; bulunmayan alan null/unknown kalır. Deterministik validator kural ihlalini durdurur, yüksek etkili veya belirsiz durum insan incelemesine gider. Başarı, yalnız hız değil hata/istisna ve doğru handoff ile ölçülür.",48,https://synapseautomate.github.io/sektorler/egitim.html,Eksik/çelişkili veya yüksek etkili durumda human review/approval.
A117,Eğitim,insan devri,Insan devri otomasyonunda güvenilir başlangıç nasıl tasarlanır?,"Insan devri otomasyonunda önce input kaynağı, gerekli alanlar, hata durumu ve karar sahibi ayrılır. Structured extraction yalnız kaynaktaki bilgiyi çıkarır; bulunmayan alan null/unknown kalır. Deterministik validator kural ihlalini durdurur, yüksek etkili veya belirsiz durum insan incelemesine gider. Başarı, yalnız hız değil hata/istisna ve doğru handoff ile ölçülür.",49,https://synapseautomate.github.io/sektorler/egitim.html,Eksik/çelişkili veya yüksek etkili durumda human review/approval.
A118,Eğitim,erişim talebi,Erişim talebi otomasyonunda güvenilir başlangıç nasıl tasarlanır?,"Erişim talebi otomasyonunda önce input kaynağı, gerekli alanlar, hata durumu ve karar sahibi ayrılır. Structured extraction yalnız kaynaktaki bilgiyi çıkarır; bulunmayan alan null/unknown kalır. Deterministik validator kural ihlalini durdurur, yüksek etkili veya belirsiz durum insan incelemesine gider. Başarı, yalnız hız değil hata/istisna ve doğru handoff ile ölçülür.",49,https://synapseautomate.github.io/sektorler/egitim.html,Eksik/çelişkili veya yüksek etkili durumda human review/approval.
A119,Eğitim,duyuru taslağı,Duyuru taslağı otomasyonunda güvenilir başlangıç nasıl tasarlanır?,"Duyuru taslağı otomasyonunda önce input kaynağı, gerekli alanlar, hata durumu ve karar sahibi ayrılır. Structured extraction yalnız kaynaktaki bilgiyi çıkarır; bulunmayan alan null/unknown kalır. Deterministik validator kural ihlalini durdurur, yüksek etkili veya belirsiz durum insan incelemesine gider. Başarı, yalnız hız değil hata/istisna ve doğru handoff ile ölçülür.",49,https://synapseautomate.github.io/sektorler/egitim.html,Eksik/çelişkili veya yüksek etkili durumda human review/approval.
A120,Eğitim,feedback sınıflandırma,Feedback sınıflandırma otomasyonunda güvenilir başlangıç nasıl tasarlanır?,"Feedback sınıflandırma otomasyonunda önce input kaynağı, gerekli alanlar, hata durumu ve karar sahibi ayrılır. Structured extraction yalnız kaynaktaki bilgiyi çıkarır; bulunmayan alan null/unknown kalır. Deterministik validator kural ihlalini durdurur, yüksek etkili veya belirsiz durum insan incelemesine gider. Başarı, yalnız hız değil hata/istisna ve doğru handoff ile ölçülür.",49,https://synapseautomate.github.io/sektorler/egitim.html,Eksik/çelişkili veya yüksek etkili durumda human review/approval.
A121,Güven ve Yönetişim,provenance,Provenance otomasyonunda güvenilir başlangıç nasıl tasarlanır?,"Provenance otomasyonunda önce input kaynağı, gerekli alanlar, hata durumu ve karar sahibi ayrılır. Structured extraction yalnız kaynaktaki bilgiyi çıkarır; bulunmayan alan null/unknown kalır. Deterministik validator kural ihlalini durdurur, yüksek etkili veya belirsiz durum insan incelemesine gider. Başarı, yalnız hız değil hata/istisna ve doğru handoff ile ölçülür.",48,https://synapseautomate.github.io/guven-merkezi.html,Eksik/çelişkili veya yüksek etkili durumda human review/approval.
A122,Güven ve Yönetişim,unknown alanı,Unknown alanı otomasyonunda güvenilir başlangıç nasıl tasarlanır?,"Unknown alanı otomasyonunda önce input kaynağı, gerekli alanlar, hata durumu ve karar sahibi ayrılır. Structured extraction yalnız kaynaktaki bilgiyi çıkarır; bulunmayan alan null/unknown kalır. Deterministik validator kural ihlalini durdurur, yüksek etkili veya belirsiz durum insan incelemesine gider. Başarı, yalnız hız değil hata/istisna ve doğru handoff ile ölçülür.",49,https://synapseautomate.github.io/guven-merkezi.html,Eksik/çelişkili veya yüksek etkili durumda human review/approval.
A123,Güven ve Yönetişim,deterministik kural,Deterministik kural otomasyonunda güvenilir başlangıç nasıl tasarlanır?,"Deterministik kural otomasyonunda önce input kaynağı, gerekli alanlar, hata durumu ve karar sahibi ayrılır. Structured extraction yalnız kaynaktaki bilgiyi çıkarır; bulunmayan alan null/unknown kalır. Deterministik validator kural ihlalini durdurur, yüksek etkili veya belirsiz durum insan incelemesine gider. Başarı, yalnız hız değil hata/istisna ve doğru handoff ile ölçülür.",49,https://synapseautomate.github.io/guven-merkezi.html,Eksik/çelişkili veya yüksek etkili durumda human review/approval.
A124,Güven ve Yönetişim,human gate,Human gate otomasyonunda güvenilir başlangıç nasıl tasarlanır?,"Human gate otomasyonunda önce input kaynağı, gerekli alanlar, hata durumu ve karar sahibi ayrılır. Structured extraction yalnız kaynaktaki bilgiyi çıkarır; bulunmayan alan null/unknown kalır. Deterministik validator kural ihlalini durdurur, yüksek etkili veya belirsiz durum insan incelemesine gider. Başarı, yalnız hız değil hata/istisna ve doğru handoff ile ölçülür.",49,https://synapseautomate.github.io/guven-merkezi.html,Eksik/çelişkili veya yüksek etkili durumda human review/approval.
A125,Güven ve Yönetişim,rollback,Rollback otomasyonunda güvenilir başlangıç nasıl tasarlanır?,"Rollback otomasyonunda önce input kaynağı, gerekli alanlar, hata durumu ve karar sahibi ayrılır. Structured extraction yalnız kaynaktaki bilgiyi çıkarır; bulunmayan alan null/unknown kalır. Deterministik validator kural ihlalini durdurur, yüksek etkili veya belirsiz durum insan incelemesine gider. Başarı, yalnız hız değil hata/istisna ve doğru handoff ile ölçülür.",48,https://synapseautomate.github.io/guven-merkezi.html,Eksik/çelişkili veya yüksek etkili durumda human review/approval.
A126,Güven ve Yönetişim,audit log,Audit log otomasyonunda güvenilir başlangıç nasıl tasarlanır?,"Audit log otomasyonunda önce input kaynağı, gerekli alanlar, hata durumu ve karar sahibi ayrılır. Structured extraction yalnız kaynaktaki bilgiyi çıkarır; bulunmayan alan null/unknown kalır. Deterministik validator kural ihlalini durdurur, yüksek etkili veya belirsiz durum insan incelemesine gider. Başarı, yalnız hız değil hata/istisna ve doğru handoff ile ölçülür.",49,https://synapseautomate.github.io/guven-merkezi.html,Eksik/çelişkili veya yüksek etkili durumda human review/approval.
A127,Güven ve Yönetişim,duplicate input,Duplicate input otomasyonunda güvenilir başlangıç nasıl tasarlanır?,"Duplicate input otomasyonunda önce input kaynağı, gerekli alanlar, hata durumu ve karar sahibi ayrılır. Structured extraction yalnız kaynaktaki bilgiyi çıkarır; bulunmayan alan null/unknown kalır. Deterministik validator kural ihlalini durdurur, yüksek etkili veya belirsiz durum insan incelemesine gider. Başarı, yalnız hız değil hata/istisna ve doğru handoff ile ölçülür.",49,https://synapseautomate.github.io/guven-merkezi.html,Eksik/çelişkili veya yüksek etkili durumda human review/approval.
A128,Güven ve Yönetişim,bozuk dosya,Bozuk dosya otomasyonunda güvenilir başlangıç nasıl tasarlanır?,"Bozuk dosya otomasyonunda önce input kaynağı, gerekli alanlar, hata durumu ve karar sahibi ayrılır. Structured extraction yalnız kaynaktaki bilgiyi çıkarır; bulunmayan alan null/unknown kalır. Deterministik validator kural ihlalini durdurur, yüksek etkili veya belirsiz durum insan incelemesine gider. Başarı, yalnız hız değil hata/istisna ve doğru handoff ile ölçülür.",49,https://synapseautomate.github.io/guven-merkezi.html,Eksik/çelişkili veya yüksek etkili durumda human review/approval.
A129,Güven ve Yönetişim,versiyonlama,Versiyonlama otomasyonunda güvenilir başlangıç nasıl tasarlanır?,"Versiyonlama otomasyonunda önce input kaynağı, gerekli alanlar, hata durumu ve karar sahibi ayrılır. Structured extraction yalnız kaynaktaki bilgiyi çıkarır; bulunmayan alan null/unknown kalır. Deterministik validator kural ihlalini durdurur, yüksek etkili veya belirsiz durum insan incelemesine gider. Başarı, yalnız hız değil hata/istisna ve doğru handoff ile ölçülür.",48,https://synapseautomate.github.io/guven-merkezi.html,Eksik/çelişkili veya yüksek etkili durumda human review/approval.
A130,Güven ve Yönetişim,sentetik test,Sentetik test otomasyonunda güvenilir başlangıç nasıl tasarlanır?,"Sentetik test otomasyonunda önce input kaynağı, gerekli alanlar, hata durumu ve karar sahibi ayrılır. Structured extraction yalnız kaynaktaki bilgiyi çıkarır; bulunmayan alan null/unknown kalır. Deterministik validator kural ihlalini durdurur, yüksek etkili veya belirsiz durum insan incelemesine gider. Başarı, yalnız hız değil hata/istisna ve doğru handoff ile ölçülür.",49,https://synapseautomate.github.io/guven-merkezi.html,Eksik/çelişkili veya yüksek etkili durumda human review/approval.
A131,Güven ve Yönetişim,failure taxonomy,Failure taxonomy otomasyonunda güvenilir başlangıç nasıl tasarlanır?,"Failure taxonomy otomasyonunda önce input kaynağı, gerekli alanlar, hata durumu ve karar sahibi ayrılır. Structured extraction yalnız kaynaktaki bilgiyi çıkarır; bulunmayan alan null/unknown kalır. Deterministik validator kural ihlalini durdurur, yüksek etkili veya belirsiz durum insan incelemesine gider. Başarı, yalnız hız değil hata/istisna ve doğru handoff ile ölçülür.",49,https://synapseautomate.github.io/guven-merkezi.html,Eksik/çelişkili veya yüksek etkili durumda human review/approval.
A132,Güven ve Yönetişim,source conflict,Source conflict otomasyonunda güvenilir başlangıç nasıl tasarlanır?,"Source conflict otomasyonunda önce input kaynağı, gerekli alanlar, hata durumu ve karar sahibi ayrılır. Structured extraction yalnız kaynaktaki bilgiyi çıkarır; bulunmayan alan null/unknown kalır. Deterministik validator kural ihlalini durdurur, yüksek etkili veya belirsiz durum insan incelemesine gider. Başarı, yalnız hız değil hata/istisna ve doğru handoff ile ölçülür.",49,https://synapseautomate.github.io/guven-merkezi.html,Eksik/çelişkili veya yüksek etkili durumda human review/approval.
A133,Güven ve Yönetişim,yetki sınırı,Yetki sınırı otomasyonunda güvenilir başlangıç nasıl tasarlanır?,"Yetki sınırı otomasyonunda önce input kaynağı, gerekli alanlar, hata durumu ve karar sahibi ayrılır. Structured extraction yalnız kaynaktaki bilgiyi çıkarır; bulunmayan alan null/unknown kalır. Deterministik validator kural ihlalini durdurur, yüksek etkili veya belirsiz durum insan incelemesine gider. Başarı, yalnız hız değil hata/istisna ve doğru handoff ile ölçülür.",49,https://synapseautomate.github.io/guven-merkezi.html,Eksik/çelişkili veya yüksek etkili durumda human review/approval.
A134,Güven ve Yönetişim,data minimization,Data minimization otomasyonunda güvenilir başlangıç nasıl tasarlanır?,"Data minimization otomasyonunda önce input kaynağı, gerekli alanlar, hata durumu ve karar sahibi ayrılır. Structured extraction yalnız kaynaktaki bilgiyi çıkarır; bulunmayan alan null/unknown kalır. Deterministik validator kural ihlalini durdurur, yüksek etkili veya belirsiz durum insan incelemesine gider. Başarı, yalnız hız değil hata/istisna ve doğru handoff ile ölçülür.",49,https://synapseautomate.github.io/guven-merkezi.html,Eksik/çelişkili veya yüksek etkili durumda human review/approval.
A135,Güven ve Yönetişim,incident escalation,Incident escalation otomasyonunda güvenilir başlangıç nasıl tasarlanır?,"Incident escalation otomasyonunda önce input kaynağı, gerekli alanlar, hata durumu ve karar sahibi ayrılır. Structured extraction yalnız kaynaktaki bilgiyi çıkarır; bulunmayan alan null/unknown kalır. Deterministik validator kural ihlalini durdurur, yüksek etkili veya belirsiz durum insan incelemesine gider. Başarı, yalnız hız değil hata/istisna ve doğru handoff ile ölçülür.",49,https://synapseautomate.github.io/guven-merkezi.html,Eksik/çelişkili veya yüksek etkili durumda human review/approval.
A136,Teklif ve Ölçüm,Süreç Analizi,Süreç analizi otomasyonunda güvenilir başlangıç nasıl tasarlanır?,"Süreç analizi otomasyonunda önce input kaynağı, gerekli alanlar, hata durumu ve karar sahibi ayrılır. Structured extraction yalnız kaynaktaki bilgiyi çıkarır; bulunmayan alan null/unknown kalır. Deterministik validator kural ihlalini durdurur, yüksek etkili veya belirsiz durum insan incelemesine gider. Başarı, yalnız hız değil hata/istisna ve doğru handoff ile ölçülür.",49,https://synapseautomate.github.io/surec-analizi.html,Eksik/çelişkili veya yüksek etkili durumda human review/approval.
A137,Teklif ve Ölçüm,pilot kapsamı,Pilot kapsamı otomasyonunda güvenilir başlangıç nasıl tasarlanır?,"Pilot kapsamı otomasyonunda önce input kaynağı, gerekli alanlar, hata durumu ve karar sahibi ayrılır. Structured extraction yalnız kaynaktaki bilgiyi çıkarır; bulunmayan alan null/unknown kalır. Deterministik validator kural ihlalini durdurur, yüksek etkili veya belirsiz durum insan incelemesine gider. Başarı, yalnız hız değil hata/istisna ve doğru handoff ile ölçülür.",49,https://synapseautomate.github.io/surec-analizi.html,Eksik/çelişkili veya yüksek etkili durumda human review/approval.
A138,Teklif ve Ölçüm,aylık operasyon,Aylık operasyon otomasyonunda güvenilir başlangıç nasıl tasarlanır?,"Aylık operasyon otomasyonunda önce input kaynağı, gerekli alanlar, hata durumu ve karar sahibi ayrılır. Structured extraction yalnız kaynaktaki bilgiyi çıkarır; bulunmayan alan null/unknown kalır. Deterministik validator kural ihlalini durdurur, yüksek etkili veya belirsiz durum insan incelemesine gider. Başarı, yalnız hız değil hata/istisna ve doğru handoff ile ölçülür.",49,https://synapseautomate.github.io/surec-analizi.html,Eksik/çelişkili veya yüksek etkili durumda human review/approval.
A139,Teklif ve Ölçüm,CTA,Cta otomasyonunda güvenilir başlangıç nasıl tasarlanır?,"Cta otomasyonunda önce input kaynağı, gerekli alanlar, hata durumu ve karar sahibi ayrılır. Structured extraction yalnız kaynaktaki bilgiyi çıkarır; bulunmayan alan null/unknown kalır. Deterministik validator kural ihlalini durdurur, yüksek etkili veya belirsiz durum insan incelemesine gider. Başarı, yalnız hız değil hata/istisna ve doğru handoff ile ölçülür.",48,https://synapseautomate.github.io/surec-analizi.html,Eksik/çelişkili veya yüksek etkili durumda human review/approval.
A140,Teklif ve Ölçüm,form friction,Form friction otomasyonunda güvenilir başlangıç nasıl tasarlanır?,"Form friction otomasyonunda önce input kaynağı, gerekli alanlar, hata durumu ve karar sahibi ayrılır. Structured extraction yalnız kaynaktaki bilgiyi çıkarır; bulunmayan alan null/unknown kalır. Deterministik validator kural ihlalini durdurur, yüksek etkili veya belirsiz durum insan incelemesine gider. Başarı, yalnız hız değil hata/istisna ve doğru handoff ile ölçülür.",49,https://synapseautomate.github.io/surec-analizi.html,Eksik/çelişkili veya yüksek etkili durumda human review/approval.
A141,Teklif ve Ölçüm,UTM,Utm otomasyonunda güvenilir başlangıç nasıl tasarlanır?,"Utm otomasyonunda önce input kaynağı, gerekli alanlar, hata durumu ve karar sahibi ayrılır. Structured extraction yalnız kaynaktaki bilgiyi çıkarır; bulunmayan alan null/unknown kalır. Deterministik validator kural ihlalini durdurur, yüksek etkili veya belirsiz durum insan incelemesine gider. Başarı, yalnız hız değil hata/istisna ve doğru handoff ile ölçülür.",48,https://synapseautomate.github.io/surec-analizi.html,Eksik/çelişkili veya yüksek etkili durumda human review/approval.
A142,Teklif ve Ölçüm,qualified inbound,Qualified inbound otomasyonunda güvenilir başlangıç nasıl tasarlanır?,"Qualified inbound otomasyonunda önce input kaynağı, gerekli alanlar, hata durumu ve karar sahibi ayrılır. Structured extraction yalnız kaynaktaki bilgiyi çıkarır; bulunmayan alan null/unknown kalır. Deterministik validator kural ihlalini durdurur, yüksek etkili veya belirsiz durum insan incelemesine gider. Başarı, yalnız hız değil hata/istisna ve doğru handoff ile ölçülür.",49,https://synapseautomate.github.io/surec-analizi.html,Eksik/çelişkili veya yüksek etkili durumda human review/approval.
A143,Teklif ve Ölçüm,payment gate,Payment gate otomasyonunda güvenilir başlangıç nasıl tasarlanır?,"Payment gate otomasyonunda önce input kaynağı, gerekli alanlar, hata durumu ve karar sahibi ayrılır. Structured extraction yalnız kaynaktaki bilgiyi çıkarır; bulunmayan alan null/unknown kalır. Deterministik validator kural ihlalini durdurur, yüksek etkili veya belirsiz durum insan incelemesine gider. Başarı, yalnız hız değil hata/istisna ve doğru handoff ile ölçülür.",49,https://synapseautomate.github.io/surec-analizi.html,Eksik/çelişkili veya yüksek etkili durumda human review/approval.
A144,Teklif ve Ölçüm,scope,Scope otomasyonunda güvenilir başlangıç nasıl tasarlanır?,"Scope otomasyonunda önce input kaynağı, gerekli alanlar, hata durumu ve karar sahibi ayrılır. Structured extraction yalnız kaynaktaki bilgiyi çıkarır; bulunmayan alan null/unknown kalır. Deterministik validator kural ihlalini durdurur, yüksek etkili veya belirsiz durum insan incelemesine gider. Başarı, yalnız hız değil hata/istisna ve doğru handoff ile ölçülür.",48,https://synapseautomate.github.io/surec-analizi.html,Eksik/çelişkili veya yüksek etkili durumda human review/approval.
A145,Teklif ve Ölçüm,fiyat,Fiyat otomasyonunda güvenilir başlangıç nasıl tasarlanır?,"Fiyat otomasyonunda önce input kaynağı, gerekli alanlar, hata durumu ve karar sahibi ayrılır. Structured extraction yalnız kaynaktaki bilgiyi çıkarır; bulunmayan alan null/unknown kalır. Deterministik validator kural ihlalini durdurur, yüksek etkili veya belirsiz durum insan incelemesine gider. Başarı, yalnız hız değil hata/istisna ve doğru handoff ile ölçülür.",48,https://synapseautomate.github.io/surec-analizi.html,Eksik/çelişkili veya yüksek etkili durumda human review/approval.
A146,Teklif ve Ölçüm,kanıt,Kanıt otomasyonunda güvenilir başlangıç nasıl tasarlanır?,"Kanıt otomasyonunda önce input kaynağı, gerekli alanlar, hata durumu ve karar sahibi ayrılır. Structured extraction yalnız kaynaktaki bilgiyi çıkarır; bulunmayan alan null/unknown kalır. Deterministik validator kural ihlalini durdurur, yüksek etkili veya belirsiz durum insan incelemesine gider. Başarı, yalnız hız değil hata/istisna ve doğru handoff ile ölçülür.",48,https://synapseautomate.github.io/surec-analizi.html,Eksik/çelişkili veya yüksek etkili durumda human review/approval.
A147,Teklif ve Ölçüm,ROI varsayımı,Roi varsayımı otomasyonunda güvenilir başlangıç nasıl tasarlanır?,"Roi varsayımı otomasyonunda önce input kaynağı, gerekli alanlar, hata durumu ve karar sahibi ayrılır. Structured extraction yalnız kaynaktaki bilgiyi çıkarır; bulunmayan alan null/unknown kalır. Deterministik validator kural ihlalini durdurur, yüksek etkili veya belirsiz durum insan incelemesine gider. Başarı, yalnız hız değil hata/istisna ve doğru handoff ile ölçülür.",49,https://synapseautomate.github.io/surec-analizi.html,Eksik/çelişkili veya yüksek etkili durumda human review/approval.
A148,Teklif ve Ölçüm,success metric,Success metric otomasyonunda güvenilir başlangıç nasıl tasarlanır?,"Success metric otomasyonunda önce input kaynağı, gerekli alanlar, hata durumu ve karar sahibi ayrılır. Structured extraction yalnız kaynaktaki bilgiyi çıkarır; bulunmayan alan null/unknown kalır. Deterministik validator kural ihlalini durdurur, yüksek etkili veya belirsiz durum insan incelemesine gider. Başarı, yalnız hız değil hata/istisna ve doğru handoff ile ölçülür.",49,https://synapseautomate.github.io/surec-analizi.html,Eksik/çelişkili veya yüksek etkili durumda human review/approval.
A149,Teklif ve Ölçüm,support burden,Support burden otomasyonunda güvenilir başlangıç nasıl tasarlanır?,"Support burden otomasyonunda önce input kaynağı, gerekli alanlar, hata durumu ve karar sahibi ayrılır. Structured extraction yalnız kaynaktaki bilgiyi çıkarır; bulunmayan alan null/unknown kalır. Deterministik validator kural ihlalini durdurur, yüksek etkili veya belirsiz durum insan incelemesine gider. Başarı, yalnız hız değil hata/istisna ve doğru handoff ile ölçülür.",49,https://synapseautomate.github.io/surec-analizi.html,Eksik/çelişkili veya yüksek etkili durumda human review/approval.
A150,Teklif ve Ölçüm,stop-loss,Stop-loss otomasyonunda güvenilir başlangıç nasıl tasarlanır?,"Stop-loss otomasyonunda önce input kaynağı, gerekli alanlar, hata durumu ve karar sahibi ayrılır. Structured extraction yalnız kaynaktaki bilgiyi çıkarır; bulunmayan alan null/unknown kalır. Deterministik validator kural ihlalini durdurur, yüksek etkili veya belirsiz durum insan incelemesine gider. Başarı, yalnız hız değil hata/istisna ve doğru handoff ile ölçülür.",48,https://synapseautomate.github.io/surec-analizi.html,Eksik/çelişkili veya yüksek etkili durumda human review/approval.
