id,language,sector,solution,intent,query,canonical_url,status,indexed,search_signal,ai_citation
1,tr,"Sağlık - Diş, Estetik, Wellness",Müşteri Talebi ve Satış Takibi,problem,"Sağlık - Diş, Estetik, Wellness sürecinde en sık otomasyon kaybı nerede oluşur?",https://synapseautomate.github.io/sektorler/saglik.html,planned,unknown,unknown,unknown
2,tr,"Sağlık - Diş, Estetik, Wellness",Müşteri Talebi ve Satış Takibi,how,"Sağlık - Diş, Estetik, Wellness için Müşteri Talebi ve Satış Takibi hangi veriyi ister?",https://synapseautomate.github.io/sektorler/saglik.html,planned,unknown,unknown,unknown
3,tr,"Sağlık - Diş, Estetik, Wellness",Müşteri Talebi ve Satış Takibi,risk,"Sağlık - Diş, Estetik, Wellness otomasyonunda hassas veri nasıl sınırlandırılır?",https://synapseautomate.github.io/sektorler/saglik.html,planned,unknown,unknown,unknown
4,tr,"Sağlık - Diş, Estetik, Wellness",Müşteri Talebi ve Satış Takibi,commercial,"Sağlık - Diş, Estetik, Wellness için 14 günlük shadow pilot nedir?",https://synapseautomate.github.io/sektorler/saglik.html,planned,unknown,unknown,unknown
5,tr,"Sağlık - Diş, Estetik, Wellness",Müşteri Talebi ve Satış Takibi,compare,"Sağlık - Diş, Estetik, Wellness AI otomasyonunda hangi kanıt güvenilir?",https://synapseautomate.github.io/sektorler/saglik.html,planned,unknown,unknown,unknown
6,tr,"Sağlık - Diş, Estetik, Wellness",Site ve Katalog AI Uyumluluğu,problem,"Sağlık - Diş, Estetik, Wellness sürecinde en sık otomasyon kaybı nerede oluşur?",https://synapseautomate.github.io/sektorler/saglik.html,planned,unknown,unknown,unknown
7,tr,"Sağlık - Diş, Estetik, Wellness",Site ve Katalog AI Uyumluluğu,how,"Sağlık - Diş, Estetik, Wellness için Site ve Katalog AI Uyumluluğu hangi veriyi ister?",https://synapseautomate.github.io/sektorler/saglik.html,planned,unknown,unknown,unknown
8,tr,"Sağlık - Diş, Estetik, Wellness",Site ve Katalog AI Uyumluluğu,risk,"Sağlık - Diş, Estetik, Wellness otomasyonunda hassas veri nasıl sınırlandırılır?",https://synapseautomate.github.io/sektorler/saglik.html,planned,unknown,unknown,unknown
9,tr,"Sağlık - Diş, Estetik, Wellness",Site ve Katalog AI Uyumluluğu,commercial,"Sağlık - Diş, Estetik, Wellness için 14 günlük shadow pilot nedir?",https://synapseautomate.github.io/sektorler/saglik.html,planned,unknown,unknown,unknown
10,tr,"Sağlık - Diş, Estetik, Wellness",Site ve Katalog AI Uyumluluğu,compare,"Sağlık - Diş, Estetik, Wellness AI otomasyonunda hangi kanıt güvenilir?",https://synapseautomate.github.io/sektorler/saglik.html,planned,unknown,unknown,unknown
11,tr,"Sağlık - Diş, Estetik, Wellness",İçerik ve Kreatif Üretim Sistemi,problem,"Sağlık - Diş, Estetik, Wellness sürecinde en sık otomasyon kaybı nerede oluşur?",https://synapseautomate.github.io/sektorler/saglik.html,planned,unknown,unknown,unknown
12,tr,"Sağlık - Diş, Estetik, Wellness",İçerik ve Kreatif Üretim Sistemi,how,"Sağlık - Diş, Estetik, Wellness için İçerik ve Kreatif Üretim Sistemi hangi veriyi ister?",https://synapseautomate.github.io/sektorler/saglik.html,planned,unknown,unknown,unknown
13,tr,"Sağlık - Diş, Estetik, Wellness",İçerik ve Kreatif Üretim Sistemi,risk,"Sağlık - Diş, Estetik, Wellness otomasyonunda hassas veri nasıl sınırlandırılır?",https://synapseautomate.github.io/sektorler/saglik.html,planned,unknown,unknown,unknown
14,tr,"Sağlık - Diş, Estetik, Wellness",İçerik ve Kreatif Üretim Sistemi,commercial,"Sağlık - Diş, Estetik, Wellness için 14 günlük shadow pilot nedir?",https://synapseautomate.github.io/sektorler/saglik.html,planned,unknown,unknown,unknown
15,tr,"Sağlık - Diş, Estetik, Wellness",İçerik ve Kreatif Üretim Sistemi,compare,"Sağlık - Diş, Estetik, Wellness AI otomasyonunda hangi kanıt güvenilir?",https://synapseautomate.github.io/sektorler/saglik.html,planned,unknown,unknown,unknown
16,tr,"Sağlık - Diş, Estetik, Wellness",Etkileşimli Teklif ve Hesaplayıcı,problem,"Sağlık - Diş, Estetik, Wellness sürecinde en sık otomasyon kaybı nerede oluşur?",https://synapseautomate.github.io/sektorler/saglik.html,planned,unknown,unknown,unknown
17,tr,"Sağlık - Diş, Estetik, Wellness",Etkileşimli Teklif ve Hesaplayıcı,how,"Sağlık - Diş, Estetik, Wellness için Etkileşimli Teklif ve Hesaplayıcı hangi veriyi ister?",https://synapseautomate.github.io/sektorler/saglik.html,planned,unknown,unknown,unknown
18,tr,"Sağlık - Diş, Estetik, Wellness",Etkileşimli Teklif ve Hesaplayıcı,risk,"Sağlık - Diş, Estetik, Wellness otomasyonunda hassas veri nasıl sınırlandırılır?",https://synapseautomate.github.io/sektorler/saglik.html,planned,unknown,unknown,unknown
19,tr,"Sağlık - Diş, Estetik, Wellness",Etkileşimli Teklif ve Hesaplayıcı,commercial,"Sağlık - Diş, Estetik, Wellness için 14 günlük shadow pilot nedir?",https://synapseautomate.github.io/sektorler/saglik.html,planned,unknown,unknown,unknown
20,tr,"Sağlık - Diş, Estetik, Wellness",Etkileşimli Teklif ve Hesaplayıcı,compare,"Sağlık - Diş, Estetik, Wellness AI otomasyonunda hangi kanıt güvenilir?",https://synapseautomate.github.io/sektorler/saglik.html,planned,unknown,unknown,unknown
21,tr,"Sağlık - Diş, Estetik, Wellness",Sesli Not ve Saha İş Akışı,problem,"Sağlık - Diş, Estetik, Wellness sürecinde en sık otomasyon kaybı nerede oluşur?",https://synapseautomate.github.io/sektorler/saglik.html,planned,unknown,unknown,unknown
22,tr,"Sağlık - Diş, Estetik, Wellness",Sesli Not ve Saha İş Akışı,how,"Sağlık - Diş, Estetik, Wellness için Sesli Not ve Saha İş Akışı hangi veriyi ister?",https://synapseautomate.github.io/sektorler/saglik.html,planned,unknown,unknown,unknown
23,tr,"Sağlık - Diş, Estetik, Wellness",Sesli Not ve Saha İş Akışı,risk,"Sağlık - Diş, Estetik, Wellness otomasyonunda hassas veri nasıl sınırlandırılır?",https://synapseautomate.github.io/sektorler/saglik.html,planned,unknown,unknown,unknown
24,tr,"Sağlık - Diş, Estetik, Wellness",Sesli Not ve Saha İş Akışı,commercial,"Sağlık - Diş, Estetik, Wellness için 14 günlük shadow pilot nedir?",https://synapseautomate.github.io/sektorler/saglik.html,planned,unknown,unknown,unknown
25,tr,"Sağlık - Diş, Estetik, Wellness",Sesli Not ve Saha İş Akışı,compare,"Sağlık - Diş, Estetik, Wellness AI otomasyonunda hangi kanıt güvenilir?",https://synapseautomate.github.io/sektorler/saglik.html,planned,unknown,unknown,unknown
26,tr,Finans & Bankacılık,Müşteri Talebi ve Satış Takibi,problem,Finans & Bankacılık sürecinde en sık otomasyon kaybı nerede oluşur?,https://synapseautomate.github.io/sektorler/finans-bankacilik.html,planned,unknown,unknown,unknown
27,tr,Finans & Bankacılık,Müşteri Talebi ve Satış Takibi,how,Finans & Bankacılık için Müşteri Talebi ve Satış Takibi hangi veriyi ister?,https://synapseautomate.github.io/sektorler/finans-bankacilik.html,planned,unknown,unknown,unknown
28,tr,Finans & Bankacılık,Müşteri Talebi ve Satış Takibi,risk,Finans & Bankacılık otomasyonunda hassas veri nasıl sınırlandırılır?,https://synapseautomate.github.io/sektorler/finans-bankacilik.html,planned,unknown,unknown,unknown
29,tr,Finans & Bankacılık,Müşteri Talebi ve Satış Takibi,commercial,Finans & Bankacılık için 14 günlük shadow pilot nedir?,https://synapseautomate.github.io/sektorler/finans-bankacilik.html,planned,unknown,unknown,unknown
30,tr,Finans & Bankacılık,Müşteri Talebi ve Satış Takibi,compare,Finans & Bankacılık AI otomasyonunda hangi kanıt güvenilir?,https://synapseautomate.github.io/sektorler/finans-bankacilik.html,planned,unknown,unknown,unknown
31,tr,Finans & Bankacılık,Site ve Katalog AI Uyumluluğu,problem,Finans & Bankacılık sürecinde en sık otomasyon kaybı nerede oluşur?,https://synapseautomate.github.io/sektorler/finans-bankacilik.html,planned,unknown,unknown,unknown
32,tr,Finans & Bankacılık,Site ve Katalog AI Uyumluluğu,how,Finans & Bankacılık için Site ve Katalog AI Uyumluluğu hangi veriyi ister?,https://synapseautomate.github.io/sektorler/finans-bankacilik.html,planned,unknown,unknown,unknown
33,tr,Finans & Bankacılık,Site ve Katalog AI Uyumluluğu,risk,Finans & Bankacılık otomasyonunda hassas veri nasıl sınırlandırılır?,https://synapseautomate.github.io/sektorler/finans-bankacilik.html,planned,unknown,unknown,unknown
34,tr,Finans & Bankacılık,Site ve Katalog AI Uyumluluğu,commercial,Finans & Bankacılık için 14 günlük shadow pilot nedir?,https://synapseautomate.github.io/sektorler/finans-bankacilik.html,planned,unknown,unknown,unknown
35,tr,Finans & Bankacılık,Site ve Katalog AI Uyumluluğu,compare,Finans & Bankacılık AI otomasyonunda hangi kanıt güvenilir?,https://synapseautomate.github.io/sektorler/finans-bankacilik.html,planned,unknown,unknown,unknown
36,tr,Finans & Bankacılık,İçerik ve Kreatif Üretim Sistemi,problem,Finans & Bankacılık sürecinde en sık otomasyon kaybı nerede oluşur?,https://synapseautomate.github.io/sektorler/finans-bankacilik.html,planned,unknown,unknown,unknown
37,tr,Finans & Bankacılık,İçerik ve Kreatif Üretim Sistemi,how,Finans & Bankacılık için İçerik ve Kreatif Üretim Sistemi hangi veriyi ister?,https://synapseautomate.github.io/sektorler/finans-bankacilik.html,planned,unknown,unknown,unknown
38,tr,Finans & Bankacılık,İçerik ve Kreatif Üretim Sistemi,risk,Finans & Bankacılık otomasyonunda hassas veri nasıl sınırlandırılır?,https://synapseautomate.github.io/sektorler/finans-bankacilik.html,planned,unknown,unknown,unknown
39,tr,Finans & Bankacılık,İçerik ve Kreatif Üretim Sistemi,commercial,Finans & Bankacılık için 14 günlük shadow pilot nedir?,https://synapseautomate.github.io/sektorler/finans-bankacilik.html,planned,unknown,unknown,unknown
40,tr,Finans & Bankacılık,İçerik ve Kreatif Üretim Sistemi,compare,Finans & Bankacılık AI otomasyonunda hangi kanıt güvenilir?,https://synapseautomate.github.io/sektorler/finans-bankacilik.html,planned,unknown,unknown,unknown
41,tr,Finans & Bankacılık,Etkileşimli Teklif ve Hesaplayıcı,problem,Finans & Bankacılık sürecinde en sık otomasyon kaybı nerede oluşur?,https://synapseautomate.github.io/sektorler/finans-bankacilik.html,planned,unknown,unknown,unknown
42,tr,Finans & Bankacılık,Etkileşimli Teklif ve Hesaplayıcı,how,Finans & Bankacılık için Etkileşimli Teklif ve Hesaplayıcı hangi veriyi ister?,https://synapseautomate.github.io/sektorler/finans-bankacilik.html,planned,unknown,unknown,unknown
43,tr,Finans & Bankacılık,Etkileşimli Teklif ve Hesaplayıcı,risk,Finans & Bankacılık otomasyonunda hassas veri nasıl sınırlandırılır?,https://synapseautomate.github.io/sektorler/finans-bankacilik.html,planned,unknown,unknown,unknown
44,tr,Finans & Bankacılık,Etkileşimli Teklif ve Hesaplayıcı,commercial,Finans & Bankacılık için 14 günlük shadow pilot nedir?,https://synapseautomate.github.io/sektorler/finans-bankacilik.html,planned,unknown,unknown,unknown
45,tr,Finans & Bankacılık,Etkileşimli Teklif ve Hesaplayıcı,compare,Finans & Bankacılık AI otomasyonunda hangi kanıt güvenilir?,https://synapseautomate.github.io/sektorler/finans-bankacilik.html,planned,unknown,unknown,unknown
46,tr,Finans & Bankacılık,Sesli Not ve Saha İş Akışı,problem,Finans & Bankacılık sürecinde en sık otomasyon kaybı nerede oluşur?,https://synapseautomate.github.io/sektorler/finans-bankacilik.html,planned,unknown,unknown,unknown
47,tr,Finans & Bankacılık,Sesli Not ve Saha İş Akışı,how,Finans & Bankacılık için Sesli Not ve Saha İş Akışı hangi veriyi ister?,https://synapseautomate.github.io/sektorler/finans-bankacilik.html,planned,unknown,unknown,unknown
48,tr,Finans & Bankacılık,Sesli Not ve Saha İş Akışı,risk,Finans & Bankacılık otomasyonunda hassas veri nasıl sınırlandırılır?,https://synapseautomate.github.io/sektorler/finans-bankacilik.html,planned,unknown,unknown,unknown
49,tr,Finans & Bankacılık,Sesli Not ve Saha İş Akışı,commercial,Finans & Bankacılık için 14 günlük shadow pilot nedir?,https://synapseautomate.github.io/sektorler/finans-bankacilik.html,planned,unknown,unknown,unknown
50,tr,Finans & Bankacılık,Sesli Not ve Saha İş Akışı,compare,Finans & Bankacılık AI otomasyonunda hangi kanıt güvenilir?,https://synapseautomate.github.io/sektorler/finans-bankacilik.html,planned,unknown,unknown,unknown
51,tr,E-Ticaret & Perakende,Müşteri Talebi ve Satış Takibi,problem,E-Ticaret & Perakende sürecinde en sık otomasyon kaybı nerede oluşur?,https://synapseautomate.github.io/sektorler/e-ticaret.html,planned,unknown,unknown,unknown
52,tr,E-Ticaret & Perakende,Müşteri Talebi ve Satış Takibi,how,E-Ticaret & Perakende için Müşteri Talebi ve Satış Takibi hangi veriyi ister?,https://synapseautomate.github.io/sektorler/e-ticaret.html,planned,unknown,unknown,unknown
53,tr,E-Ticaret & Perakende,Müşteri Talebi ve Satış Takibi,risk,E-Ticaret & Perakende otomasyonunda hassas veri nasıl sınırlandırılır?,https://synapseautomate.github.io/sektorler/e-ticaret.html,planned,unknown,unknown,unknown
54,tr,E-Ticaret & Perakende,Müşteri Talebi ve Satış Takibi,commercial,E-Ticaret & Perakende için 14 günlük shadow pilot nedir?,https://synapseautomate.github.io/sektorler/e-ticaret.html,planned,unknown,unknown,unknown
55,tr,E-Ticaret & Perakende,Müşteri Talebi ve Satış Takibi,compare,E-Ticaret & Perakende AI otomasyonunda hangi kanıt güvenilir?,https://synapseautomate.github.io/sektorler/e-ticaret.html,planned,unknown,unknown,unknown
56,tr,E-Ticaret & Perakende,Site ve Katalog AI Uyumluluğu,problem,E-Ticaret & Perakende sürecinde en sık otomasyon kaybı nerede oluşur?,https://synapseautomate.github.io/sektorler/e-ticaret.html,planned,unknown,unknown,unknown
57,tr,E-Ticaret & Perakende,Site ve Katalog AI Uyumluluğu,how,E-Ticaret & Perakende için Site ve Katalog AI Uyumluluğu hangi veriyi ister?,https://synapseautomate.github.io/sektorler/e-ticaret.html,planned,unknown,unknown,unknown
58,tr,E-Ticaret & Perakende,Site ve Katalog AI Uyumluluğu,risk,E-Ticaret & Perakende otomasyonunda hassas veri nasıl sınırlandırılır?,https://synapseautomate.github.io/sektorler/e-ticaret.html,planned,unknown,unknown,unknown
59,tr,E-Ticaret & Perakende,Site ve Katalog AI Uyumluluğu,commercial,E-Ticaret & Perakende için 14 günlük shadow pilot nedir?,https://synapseautomate.github.io/sektorler/e-ticaret.html,planned,unknown,unknown,unknown
60,tr,E-Ticaret & Perakende,Site ve Katalog AI Uyumluluğu,compare,E-Ticaret & Perakende AI otomasyonunda hangi kanıt güvenilir?,https://synapseautomate.github.io/sektorler/e-ticaret.html,planned,unknown,unknown,unknown
61,tr,E-Ticaret & Perakende,İçerik ve Kreatif Üretim Sistemi,problem,E-Ticaret & Perakende sürecinde en sık otomasyon kaybı nerede oluşur?,https://synapseautomate.github.io/sektorler/e-ticaret.html,planned,unknown,unknown,unknown
62,tr,E-Ticaret & Perakende,İçerik ve Kreatif Üretim Sistemi,how,E-Ticaret & Perakende için İçerik ve Kreatif Üretim Sistemi hangi veriyi ister?,https://synapseautomate.github.io/sektorler/e-ticaret.html,planned,unknown,unknown,unknown
63,tr,E-Ticaret & Perakende,İçerik ve Kreatif Üretim Sistemi,risk,E-Ticaret & Perakende otomasyonunda hassas veri nasıl sınırlandırılır?,https://synapseautomate.github.io/sektorler/e-ticaret.html,planned,unknown,unknown,unknown
64,tr,E-Ticaret & Perakende,İçerik ve Kreatif Üretim Sistemi,commercial,E-Ticaret & Perakende için 14 günlük shadow pilot nedir?,https://synapseautomate.github.io/sektorler/e-ticaret.html,planned,unknown,unknown,unknown
65,tr,E-Ticaret & Perakende,İçerik ve Kreatif Üretim Sistemi,compare,E-Ticaret & Perakende AI otomasyonunda hangi kanıt güvenilir?,https://synapseautomate.github.io/sektorler/e-ticaret.html,planned,unknown,unknown,unknown
66,tr,E-Ticaret & Perakende,Etkileşimli Teklif ve Hesaplayıcı,problem,E-Ticaret & Perakende sürecinde en sık otomasyon kaybı nerede oluşur?,https://synapseautomate.github.io/sektorler/e-ticaret.html,planned,unknown,unknown,unknown
67,tr,E-Ticaret & Perakende,Etkileşimli Teklif ve Hesaplayıcı,how,E-Ticaret & Perakende için Etkileşimli Teklif ve Hesaplayıcı hangi veriyi ister?,https://synapseautomate.github.io/sektorler/e-ticaret.html,planned,unknown,unknown,unknown
68,tr,E-Ticaret & Perakende,Etkileşimli Teklif ve Hesaplayıcı,risk,E-Ticaret & Perakende otomasyonunda hassas veri nasıl sınırlandırılır?,https://synapseautomate.github.io/sektorler/e-ticaret.html,planned,unknown,unknown,unknown
69,tr,E-Ticaret & Perakende,Etkileşimli Teklif ve Hesaplayıcı,commercial,E-Ticaret & Perakende için 14 günlük shadow pilot nedir?,https://synapseautomate.github.io/sektorler/e-ticaret.html,planned,unknown,unknown,unknown
70,tr,E-Ticaret & Perakende,Etkileşimli Teklif ve Hesaplayıcı,compare,E-Ticaret & Perakende AI otomasyonunda hangi kanıt güvenilir?,https://synapseautomate.github.io/sektorler/e-ticaret.html,planned,unknown,unknown,unknown
71,tr,E-Ticaret & Perakende,Sesli Not ve Saha İş Akışı,problem,E-Ticaret & Perakende sürecinde en sık otomasyon kaybı nerede oluşur?,https://synapseautomate.github.io/sektorler/e-ticaret.html,planned,unknown,unknown,unknown
72,tr,E-Ticaret & Perakende,Sesli Not ve Saha İş Akışı,how,E-Ticaret & Perakende için Sesli Not ve Saha İş Akışı hangi veriyi ister?,https://synapseautomate.github.io/sektorler/e-ticaret.html,planned,unknown,unknown,unknown
73,tr,E-Ticaret & Perakende,Sesli Not ve Saha İş Akışı,risk,E-Ticaret & Perakende otomasyonunda hassas veri nasıl sınırlandırılır?,https://synapseautomate.github.io/sektorler/e-ticaret.html,planned,unknown,unknown,unknown
74,tr,E-Ticaret & Perakende,Sesli Not ve Saha İş Akışı,commercial,E-Ticaret & Perakende için 14 günlük shadow pilot nedir?,https://synapseautomate.github.io/sektorler/e-ticaret.html,planned,unknown,unknown,unknown
75,tr,E-Ticaret & Perakende,Sesli Not ve Saha İş Akışı,compare,E-Ticaret & Perakende AI otomasyonunda hangi kanıt güvenilir?,https://synapseautomate.github.io/sektorler/e-ticaret.html,planned,unknown,unknown,unknown
76,tr,Emlak,Müşteri Talebi ve Satış Takibi,problem,Emlak sürecinde en sık otomasyon kaybı nerede oluşur?,https://synapseautomate.github.io/sektorler/emlak.html,planned,unknown,unknown,unknown
77,tr,Emlak,Müşteri Talebi ve Satış Takibi,how,Emlak için Müşteri Talebi ve Satış Takibi hangi veriyi ister?,https://synapseautomate.github.io/sektorler/emlak.html,planned,unknown,unknown,unknown
78,tr,Emlak,Müşteri Talebi ve Satış Takibi,risk,Emlak otomasyonunda hassas veri nasıl sınırlandırılır?,https://synapseautomate.github.io/sektorler/emlak.html,planned,unknown,unknown,unknown
79,tr,Emlak,Müşteri Talebi ve Satış Takibi,commercial,Emlak için 14 günlük shadow pilot nedir?,https://synapseautomate.github.io/sektorler/emlak.html,planned,unknown,unknown,unknown
80,tr,Emlak,Müşteri Talebi ve Satış Takibi,compare,Emlak AI otomasyonunda hangi kanıt güvenilir?,https://synapseautomate.github.io/sektorler/emlak.html,planned,unknown,unknown,unknown
81,tr,Emlak,Site ve Katalog AI Uyumluluğu,problem,Emlak sürecinde en sık otomasyon kaybı nerede oluşur?,https://synapseautomate.github.io/sektorler/emlak.html,planned,unknown,unknown,unknown
82,tr,Emlak,Site ve Katalog AI Uyumluluğu,how,Emlak için Site ve Katalog AI Uyumluluğu hangi veriyi ister?,https://synapseautomate.github.io/sektorler/emlak.html,planned,unknown,unknown,unknown
83,tr,Emlak,Site ve Katalog AI Uyumluluğu,risk,Emlak otomasyonunda hassas veri nasıl sınırlandırılır?,https://synapseautomate.github.io/sektorler/emlak.html,planned,unknown,unknown,unknown
84,tr,Emlak,Site ve Katalog AI Uyumluluğu,commercial,Emlak için 14 günlük shadow pilot nedir?,https://synapseautomate.github.io/sektorler/emlak.html,planned,unknown,unknown,unknown
85,tr,Emlak,Site ve Katalog AI Uyumluluğu,compare,Emlak AI otomasyonunda hangi kanıt güvenilir?,https://synapseautomate.github.io/sektorler/emlak.html,planned,unknown,unknown,unknown
86,tr,Emlak,İçerik ve Kreatif Üretim Sistemi,problem,Emlak sürecinde en sık otomasyon kaybı nerede oluşur?,https://synapseautomate.github.io/sektorler/emlak.html,planned,unknown,unknown,unknown
87,tr,Emlak,İçerik ve Kreatif Üretim Sistemi,how,Emlak için İçerik ve Kreatif Üretim Sistemi hangi veriyi ister?,https://synapseautomate.github.io/sektorler/emlak.html,planned,unknown,unknown,unknown
88,tr,Emlak,İçerik ve Kreatif Üretim Sistemi,risk,Emlak otomasyonunda hassas veri nasıl sınırlandırılır?,https://synapseautomate.github.io/sektorler/emlak.html,planned,unknown,unknown,unknown
89,tr,Emlak,İçerik ve Kreatif Üretim Sistemi,commercial,Emlak için 14 günlük shadow pilot nedir?,https://synapseautomate.github.io/sektorler/emlak.html,planned,unknown,unknown,unknown
90,tr,Emlak,İçerik ve Kreatif Üretim Sistemi,compare,Emlak AI otomasyonunda hangi kanıt güvenilir?,https://synapseautomate.github.io/sektorler/emlak.html,planned,unknown,unknown,unknown
91,tr,Emlak,Etkileşimli Teklif ve Hesaplayıcı,problem,Emlak sürecinde en sık otomasyon kaybı nerede oluşur?,https://synapseautomate.github.io/sektorler/emlak.html,planned,unknown,unknown,unknown
92,tr,Emlak,Etkileşimli Teklif ve Hesaplayıcı,how,Emlak için Etkileşimli Teklif ve Hesaplayıcı hangi veriyi ister?,https://synapseautomate.github.io/sektorler/emlak.html,planned,unknown,unknown,unknown
93,tr,Emlak,Etkileşimli Teklif ve Hesaplayıcı,risk,Emlak otomasyonunda hassas veri nasıl sınırlandırılır?,https://synapseautomate.github.io/sektorler/emlak.html,planned,unknown,unknown,unknown
94,tr,Emlak,Etkileşimli Teklif ve Hesaplayıcı,commercial,Emlak için 14 günlük shadow pilot nedir?,https://synapseautomate.github.io/sektorler/emlak.html,planned,unknown,unknown,unknown
95,tr,Emlak,Etkileşimli Teklif ve Hesaplayıcı,compare,Emlak AI otomasyonunda hangi kanıt güvenilir?,https://synapseautomate.github.io/sektorler/emlak.html,planned,unknown,unknown,unknown
96,tr,Emlak,Sesli Not ve Saha İş Akışı,problem,Emlak sürecinde en sık otomasyon kaybı nerede oluşur?,https://synapseautomate.github.io/sektorler/emlak.html,planned,unknown,unknown,unknown
97,tr,Emlak,Sesli Not ve Saha İş Akışı,how,Emlak için Sesli Not ve Saha İş Akışı hangi veriyi ister?,https://synapseautomate.github.io/sektorler/emlak.html,planned,unknown,unknown,unknown
98,tr,Emlak,Sesli Not ve Saha İş Akışı,risk,Emlak otomasyonunda hassas veri nasıl sınırlandırılır?,https://synapseautomate.github.io/sektorler/emlak.html,planned,unknown,unknown,unknown
99,tr,Emlak,Sesli Not ve Saha İş Akışı,commercial,Emlak için 14 günlük shadow pilot nedir?,https://synapseautomate.github.io/sektorler/emlak.html,planned,unknown,unknown,unknown
100,tr,Emlak,Sesli Not ve Saha İş Akışı,compare,Emlak AI otomasyonunda hangi kanıt güvenilir?,https://synapseautomate.github.io/sektorler/emlak.html,planned,unknown,unknown,unknown
101,tr,Hukuk & Uyum,Müşteri Talebi ve Satış Takibi,problem,Hukuk & Uyum sürecinde en sık otomasyon kaybı nerede oluşur?,https://synapseautomate.github.io/sektorler/hukuk-uyum.html,planned,unknown,unknown,unknown
102,tr,Hukuk & Uyum,Müşteri Talebi ve Satış Takibi,how,Hukuk & Uyum için Müşteri Talebi ve Satış Takibi hangi veriyi ister?,https://synapseautomate.github.io/sektorler/hukuk-uyum.html,planned,unknown,unknown,unknown
103,tr,Hukuk & Uyum,Müşteri Talebi ve Satış Takibi,risk,Hukuk & Uyum otomasyonunda hassas veri nasıl sınırlandırılır?,https://synapseautomate.github.io/sektorler/hukuk-uyum.html,planned,unknown,unknown,unknown
104,tr,Hukuk & Uyum,Müşteri Talebi ve Satış Takibi,commercial,Hukuk & Uyum için 14 günlük shadow pilot nedir?,https://synapseautomate.github.io/sektorler/hukuk-uyum.html,planned,unknown,unknown,unknown
105,tr,Hukuk & Uyum,Müşteri Talebi ve Satış Takibi,compare,Hukuk & Uyum AI otomasyonunda hangi kanıt güvenilir?,https://synapseautomate.github.io/sektorler/hukuk-uyum.html,planned,unknown,unknown,unknown
106,tr,Hukuk & Uyum,Site ve Katalog AI Uyumluluğu,problem,Hukuk & Uyum sürecinde en sık otomasyon kaybı nerede oluşur?,https://synapseautomate.github.io/sektorler/hukuk-uyum.html,planned,unknown,unknown,unknown
107,tr,Hukuk & Uyum,Site ve Katalog AI Uyumluluğu,how,Hukuk & Uyum için Site ve Katalog AI Uyumluluğu hangi veriyi ister?,https://synapseautomate.github.io/sektorler/hukuk-uyum.html,planned,unknown,unknown,unknown
108,tr,Hukuk & Uyum,Site ve Katalog AI Uyumluluğu,risk,Hukuk & Uyum otomasyonunda hassas veri nasıl sınırlandırılır?,https://synapseautomate.github.io/sektorler/hukuk-uyum.html,planned,unknown,unknown,unknown
109,tr,Hukuk & Uyum,Site ve Katalog AI Uyumluluğu,commercial,Hukuk & Uyum için 14 günlük shadow pilot nedir?,https://synapseautomate.github.io/sektorler/hukuk-uyum.html,planned,unknown,unknown,unknown
110,tr,Hukuk & Uyum,Site ve Katalog AI Uyumluluğu,compare,Hukuk & Uyum AI otomasyonunda hangi kanıt güvenilir?,https://synapseautomate.github.io/sektorler/hukuk-uyum.html,planned,unknown,unknown,unknown
111,tr,Hukuk & Uyum,İçerik ve Kreatif Üretim Sistemi,problem,Hukuk & Uyum sürecinde en sık otomasyon kaybı nerede oluşur?,https://synapseautomate.github.io/sektorler/hukuk-uyum.html,planned,unknown,unknown,unknown
112,tr,Hukuk & Uyum,İçerik ve Kreatif Üretim Sistemi,how,Hukuk & Uyum için İçerik ve Kreatif Üretim Sistemi hangi veriyi ister?,https://synapseautomate.github.io/sektorler/hukuk-uyum.html,planned,unknown,unknown,unknown
113,tr,Hukuk & Uyum,İçerik ve Kreatif Üretim Sistemi,risk,Hukuk & Uyum otomasyonunda hassas veri nasıl sınırlandırılır?,https://synapseautomate.github.io/sektorler/hukuk-uyum.html,planned,unknown,unknown,unknown
114,tr,Hukuk & Uyum,İçerik ve Kreatif Üretim Sistemi,commercial,Hukuk & Uyum için 14 günlük shadow pilot nedir?,https://synapseautomate.github.io/sektorler/hukuk-uyum.html,planned,unknown,unknown,unknown
115,tr,Hukuk & Uyum,İçerik ve Kreatif Üretim Sistemi,compare,Hukuk & Uyum AI otomasyonunda hangi kanıt güvenilir?,https://synapseautomate.github.io/sektorler/hukuk-uyum.html,planned,unknown,unknown,unknown
116,tr,Hukuk & Uyum,Etkileşimli Teklif ve Hesaplayıcı,problem,Hukuk & Uyum sürecinde en sık otomasyon kaybı nerede oluşur?,https://synapseautomate.github.io/sektorler/hukuk-uyum.html,planned,unknown,unknown,unknown
117,tr,Hukuk & Uyum,Etkileşimli Teklif ve Hesaplayıcı,how,Hukuk & Uyum için Etkileşimli Teklif ve Hesaplayıcı hangi veriyi ister?,https://synapseautomate.github.io/sektorler/hukuk-uyum.html,planned,unknown,unknown,unknown
118,tr,Hukuk & Uyum,Etkileşimli Teklif ve Hesaplayıcı,risk,Hukuk & Uyum otomasyonunda hassas veri nasıl sınırlandırılır?,https://synapseautomate.github.io/sektorler/hukuk-uyum.html,planned,unknown,unknown,unknown
119,tr,Hukuk & Uyum,Etkileşimli Teklif ve Hesaplayıcı,commercial,Hukuk & Uyum için 14 günlük shadow pilot nedir?,https://synapseautomate.github.io/sektorler/hukuk-uyum.html,planned,unknown,unknown,unknown
120,tr,Hukuk & Uyum,Etkileşimli Teklif ve Hesaplayıcı,compare,Hukuk & Uyum AI otomasyonunda hangi kanıt güvenilir?,https://synapseautomate.github.io/sektorler/hukuk-uyum.html,planned,unknown,unknown,unknown
121,tr,Hukuk & Uyum,Sesli Not ve Saha İş Akışı,problem,Hukuk & Uyum sürecinde en sık otomasyon kaybı nerede oluşur?,https://synapseautomate.github.io/sektorler/hukuk-uyum.html,planned,unknown,unknown,unknown
122,tr,Hukuk & Uyum,Sesli Not ve Saha İş Akışı,how,Hukuk & Uyum için Sesli Not ve Saha İş Akışı hangi veriyi ister?,https://synapseautomate.github.io/sektorler/hukuk-uyum.html,planned,unknown,unknown,unknown
123,tr,Hukuk & Uyum,Sesli Not ve Saha İş Akışı,risk,Hukuk & Uyum otomasyonunda hassas veri nasıl sınırlandırılır?,https://synapseautomate.github.io/sektorler/hukuk-uyum.html,planned,unknown,unknown,unknown
124,tr,Hukuk & Uyum,Sesli Not ve Saha İş Akışı,commercial,Hukuk & Uyum için 14 günlük shadow pilot nedir?,https://synapseautomate.github.io/sektorler/hukuk-uyum.html,planned,unknown,unknown,unknown
125,tr,Hukuk & Uyum,Sesli Not ve Saha İş Akışı,compare,Hukuk & Uyum AI otomasyonunda hangi kanıt güvenilir?,https://synapseautomate.github.io/sektorler/hukuk-uyum.html,planned,unknown,unknown,unknown
126,tr,Üretim & Lojistik,Müşteri Talebi ve Satış Takibi,problem,Üretim & Lojistik sürecinde en sık otomasyon kaybı nerede oluşur?,https://synapseautomate.github.io/sektorler/uretim-lojistik.html,planned,unknown,unknown,unknown
127,tr,Üretim & Lojistik,Müşteri Talebi ve Satış Takibi,how,Üretim & Lojistik için Müşteri Talebi ve Satış Takibi hangi veriyi ister?,https://synapseautomate.github.io/sektorler/uretim-lojistik.html,planned,unknown,unknown,unknown
128,tr,Üretim & Lojistik,Müşteri Talebi ve Satış Takibi,risk,Üretim & Lojistik otomasyonunda hassas veri nasıl sınırlandırılır?,https://synapseautomate.github.io/sektorler/uretim-lojistik.html,planned,unknown,unknown,unknown
129,tr,Üretim & Lojistik,Müşteri Talebi ve Satış Takibi,commercial,Üretim & Lojistik için 14 günlük shadow pilot nedir?,https://synapseautomate.github.io/sektorler/uretim-lojistik.html,planned,unknown,unknown,unknown
130,tr,Üretim & Lojistik,Müşteri Talebi ve Satış Takibi,compare,Üretim & Lojistik AI otomasyonunda hangi kanıt güvenilir?,https://synapseautomate.github.io/sektorler/uretim-lojistik.html,planned,unknown,unknown,unknown
131,tr,Üretim & Lojistik,Site ve Katalog AI Uyumluluğu,problem,Üretim & Lojistik sürecinde en sık otomasyon kaybı nerede oluşur?,https://synapseautomate.github.io/sektorler/uretim-lojistik.html,planned,unknown,unknown,unknown
132,tr,Üretim & Lojistik,Site ve Katalog AI Uyumluluğu,how,Üretim & Lojistik için Site ve Katalog AI Uyumluluğu hangi veriyi ister?,https://synapseautomate.github.io/sektorler/uretim-lojistik.html,planned,unknown,unknown,unknown
133,tr,Üretim & Lojistik,Site ve Katalog AI Uyumluluğu,risk,Üretim & Lojistik otomasyonunda hassas veri nasıl sınırlandırılır?,https://synapseautomate.github.io/sektorler/uretim-lojistik.html,planned,unknown,unknown,unknown
134,tr,Üretim & Lojistik,Site ve Katalog AI Uyumluluğu,commercial,Üretim & Lojistik için 14 günlük shadow pilot nedir?,https://synapseautomate.github.io/sektorler/uretim-lojistik.html,planned,unknown,unknown,unknown
135,tr,Üretim & Lojistik,Site ve Katalog AI Uyumluluğu,compare,Üretim & Lojistik AI otomasyonunda hangi kanıt güvenilir?,https://synapseautomate.github.io/sektorler/uretim-lojistik.html,planned,unknown,unknown,unknown
136,tr,Üretim & Lojistik,İçerik ve Kreatif Üretim Sistemi,problem,Üretim & Lojistik sürecinde en sık otomasyon kaybı nerede oluşur?,https://synapseautomate.github.io/sektorler/uretim-lojistik.html,planned,unknown,unknown,unknown
137,tr,Üretim & Lojistik,İçerik ve Kreatif Üretim Sistemi,how,Üretim & Lojistik için İçerik ve Kreatif Üretim Sistemi hangi veriyi ister?,https://synapseautomate.github.io/sektorler/uretim-lojistik.html,planned,unknown,unknown,unknown
138,tr,Üretim & Lojistik,İçerik ve Kreatif Üretim Sistemi,risk,Üretim & Lojistik otomasyonunda hassas veri nasıl sınırlandırılır?,https://synapseautomate.github.io/sektorler/uretim-lojistik.html,planned,unknown,unknown,unknown
139,tr,Üretim & Lojistik,İçerik ve Kreatif Üretim Sistemi,commercial,Üretim & Lojistik için 14 günlük shadow pilot nedir?,https://synapseautomate.github.io/sektorler/uretim-lojistik.html,planned,unknown,unknown,unknown
140,tr,Üretim & Lojistik,İçerik ve Kreatif Üretim Sistemi,compare,Üretim & Lojistik AI otomasyonunda hangi kanıt güvenilir?,https://synapseautomate.github.io/sektorler/uretim-lojistik.html,planned,unknown,unknown,unknown
141,tr,Üretim & Lojistik,Etkileşimli Teklif ve Hesaplayıcı,problem,Üretim & Lojistik sürecinde en sık otomasyon kaybı nerede oluşur?,https://synapseautomate.github.io/sektorler/uretim-lojistik.html,planned,unknown,unknown,unknown
142,tr,Üretim & Lojistik,Etkileşimli Teklif ve Hesaplayıcı,how,Üretim & Lojistik için Etkileşimli Teklif ve Hesaplayıcı hangi veriyi ister?,https://synapseautomate.github.io/sektorler/uretim-lojistik.html,planned,unknown,unknown,unknown
143,tr,Üretim & Lojistik,Etkileşimli Teklif ve Hesaplayıcı,risk,Üretim & Lojistik otomasyonunda hassas veri nasıl sınırlandırılır?,https://synapseautomate.github.io/sektorler/uretim-lojistik.html,planned,unknown,unknown,unknown
144,tr,Üretim & Lojistik,Etkileşimli Teklif ve Hesaplayıcı,commercial,Üretim & Lojistik için 14 günlük shadow pilot nedir?,https://synapseautomate.github.io/sektorler/uretim-lojistik.html,planned,unknown,unknown,unknown
145,tr,Üretim & Lojistik,Etkileşimli Teklif ve Hesaplayıcı,compare,Üretim & Lojistik AI otomasyonunda hangi kanıt güvenilir?,https://synapseautomate.github.io/sektorler/uretim-lojistik.html,planned,unknown,unknown,unknown
146,tr,Üretim & Lojistik,Sesli Not ve Saha İş Akışı,problem,Üretim & Lojistik sürecinde en sık otomasyon kaybı nerede oluşur?,https://synapseautomate.github.io/sektorler/uretim-lojistik.html,planned,unknown,unknown,unknown
147,tr,Üretim & Lojistik,Sesli Not ve Saha İş Akışı,how,Üretim & Lojistik için Sesli Not ve Saha İş Akışı hangi veriyi ister?,https://synapseautomate.github.io/sektorler/uretim-lojistik.html,planned,unknown,unknown,unknown
148,tr,Üretim & Lojistik,Sesli Not ve Saha İş Akışı,risk,Üretim & Lojistik otomasyonunda hassas veri nasıl sınırlandırılır?,https://synapseautomate.github.io/sektorler/uretim-lojistik.html,planned,unknown,unknown,unknown
149,tr,Üretim & Lojistik,Sesli Not ve Saha İş Akışı,commercial,Üretim & Lojistik için 14 günlük shadow pilot nedir?,https://synapseautomate.github.io/sektorler/uretim-lojistik.html,planned,unknown,unknown,unknown
150,tr,Üretim & Lojistik,Sesli Not ve Saha İş Akışı,compare,Üretim & Lojistik AI otomasyonunda hangi kanıt güvenilir?,https://synapseautomate.github.io/sektorler/uretim-lojistik.html,planned,unknown,unknown,unknown
151,tr,Eğitim,Müşteri Talebi ve Satış Takibi,problem,Eğitim sürecinde en sık otomasyon kaybı nerede oluşur?,https://synapseautomate.github.io/sektorler/egitim.html,planned,unknown,unknown,unknown
152,tr,Eğitim,Müşteri Talebi ve Satış Takibi,how,Eğitim için Müşteri Talebi ve Satış Takibi hangi veriyi ister?,https://synapseautomate.github.io/sektorler/egitim.html,planned,unknown,unknown,unknown
153,tr,Eğitim,Müşteri Talebi ve Satış Takibi,risk,Eğitim otomasyonunda hassas veri nasıl sınırlandırılır?,https://synapseautomate.github.io/sektorler/egitim.html,planned,unknown,unknown,unknown
154,tr,Eğitim,Müşteri Talebi ve Satış Takibi,commercial,Eğitim için 14 günlük shadow pilot nedir?,https://synapseautomate.github.io/sektorler/egitim.html,planned,unknown,unknown,unknown
155,tr,Eğitim,Müşteri Talebi ve Satış Takibi,compare,Eğitim AI otomasyonunda hangi kanıt güvenilir?,https://synapseautomate.github.io/sektorler/egitim.html,planned,unknown,unknown,unknown
156,tr,Eğitim,Site ve Katalog AI Uyumluluğu,problem,Eğitim sürecinde en sık otomasyon kaybı nerede oluşur?,https://synapseautomate.github.io/sektorler/egitim.html,planned,unknown,unknown,unknown
157,tr,Eğitim,Site ve Katalog AI Uyumluluğu,how,Eğitim için Site ve Katalog AI Uyumluluğu hangi veriyi ister?,https://synapseautomate.github.io/sektorler/egitim.html,planned,unknown,unknown,unknown
158,tr,Eğitim,Site ve Katalog AI Uyumluluğu,risk,Eğitim otomasyonunda hassas veri nasıl sınırlandırılır?,https://synapseautomate.github.io/sektorler/egitim.html,planned,unknown,unknown,unknown
159,tr,Eğitim,Site ve Katalog AI Uyumluluğu,commercial,Eğitim için 14 günlük shadow pilot nedir?,https://synapseautomate.github.io/sektorler/egitim.html,planned,unknown,unknown,unknown
160,tr,Eğitim,Site ve Katalog AI Uyumluluğu,compare,Eğitim AI otomasyonunda hangi kanıt güvenilir?,https://synapseautomate.github.io/sektorler/egitim.html,planned,unknown,unknown,unknown
161,tr,Eğitim,İçerik ve Kreatif Üretim Sistemi,problem,Eğitim sürecinde en sık otomasyon kaybı nerede oluşur?,https://synapseautomate.github.io/sektorler/egitim.html,planned,unknown,unknown,unknown
162,tr,Eğitim,İçerik ve Kreatif Üretim Sistemi,how,Eğitim için İçerik ve Kreatif Üretim Sistemi hangi veriyi ister?,https://synapseautomate.github.io/sektorler/egitim.html,planned,unknown,unknown,unknown
163,tr,Eğitim,İçerik ve Kreatif Üretim Sistemi,risk,Eğitim otomasyonunda hassas veri nasıl sınırlandırılır?,https://synapseautomate.github.io/sektorler/egitim.html,planned,unknown,unknown,unknown
164,tr,Eğitim,İçerik ve Kreatif Üretim Sistemi,commercial,Eğitim için 14 günlük shadow pilot nedir?,https://synapseautomate.github.io/sektorler/egitim.html,planned,unknown,unknown,unknown
165,tr,Eğitim,İçerik ve Kreatif Üretim Sistemi,compare,Eğitim AI otomasyonunda hangi kanıt güvenilir?,https://synapseautomate.github.io/sektorler/egitim.html,planned,unknown,unknown,unknown
166,tr,Eğitim,Etkileşimli Teklif ve Hesaplayıcı,problem,Eğitim sürecinde en sık otomasyon kaybı nerede oluşur?,https://synapseautomate.github.io/sektorler/egitim.html,planned,unknown,unknown,unknown
167,tr,Eğitim,Etkileşimli Teklif ve Hesaplayıcı,how,Eğitim için Etkileşimli Teklif ve Hesaplayıcı hangi veriyi ister?,https://synapseautomate.github.io/sektorler/egitim.html,planned,unknown,unknown,unknown
168,tr,Eğitim,Etkileşimli Teklif ve Hesaplayıcı,risk,Eğitim otomasyonunda hassas veri nasıl sınırlandırılır?,https://synapseautomate.github.io/sektorler/egitim.html,planned,unknown,unknown,unknown
169,tr,Eğitim,Etkileşimli Teklif ve Hesaplayıcı,commercial,Eğitim için 14 günlük shadow pilot nedir?,https://synapseautomate.github.io/sektorler/egitim.html,planned,unknown,unknown,unknown
170,tr,Eğitim,Etkileşimli Teklif ve Hesaplayıcı,compare,Eğitim AI otomasyonunda hangi kanıt güvenilir?,https://synapseautomate.github.io/sektorler/egitim.html,planned,unknown,unknown,unknown
171,tr,Eğitim,Sesli Not ve Saha İş Akışı,problem,Eğitim sürecinde en sık otomasyon kaybı nerede oluşur?,https://synapseautomate.github.io/sektorler/egitim.html,planned,unknown,unknown,unknown
172,tr,Eğitim,Sesli Not ve Saha İş Akışı,how,Eğitim için Sesli Not ve Saha İş Akışı hangi veriyi ister?,https://synapseautomate.github.io/sektorler/egitim.html,planned,unknown,unknown,unknown
173,tr,Eğitim,Sesli Not ve Saha İş Akışı,risk,Eğitim otomasyonunda hassas veri nasıl sınırlandırılır?,https://synapseautomate.github.io/sektorler/egitim.html,planned,unknown,unknown,unknown
174,tr,Eğitim,Sesli Not ve Saha İş Akışı,commercial,Eğitim için 14 günlük shadow pilot nedir?,https://synapseautomate.github.io/sektorler/egitim.html,planned,unknown,unknown,unknown
175,tr,Eğitim,Sesli Not ve Saha İş Akışı,compare,Eğitim AI otomasyonunda hangi kanıt güvenilir?,https://synapseautomate.github.io/sektorler/egitim.html,planned,unknown,unknown,unknown
176,tr,Gayrimenkul Yönetimi,Müşteri Talebi ve Satış Takibi,problem,Gayrimenkul Yönetimi sürecinde en sık otomasyon kaybı nerede oluşur?,https://synapseautomate.github.io/sektorler/gayrimenkul-yonetimi.html,planned,unknown,unknown,unknown
177,tr,Gayrimenkul Yönetimi,Müşteri Talebi ve Satış Takibi,how,Gayrimenkul Yönetimi için Müşteri Talebi ve Satış Takibi hangi veriyi ister?,https://synapseautomate.github.io/sektorler/gayrimenkul-yonetimi.html,planned,unknown,unknown,unknown
178,tr,Gayrimenkul Yönetimi,Müşteri Talebi ve Satış Takibi,risk,Gayrimenkul Yönetimi otomasyonunda hassas veri nasıl sınırlandırılır?,https://synapseautomate.github.io/sektorler/gayrimenkul-yonetimi.html,planned,unknown,unknown,unknown
179,tr,Gayrimenkul Yönetimi,Müşteri Talebi ve Satış Takibi,commercial,Gayrimenkul Yönetimi için 14 günlük shadow pilot nedir?,https://synapseautomate.github.io/sektorler/gayrimenkul-yonetimi.html,planned,unknown,unknown,unknown
180,tr,Gayrimenkul Yönetimi,Müşteri Talebi ve Satış Takibi,compare,Gayrimenkul Yönetimi AI otomasyonunda hangi kanıt güvenilir?,https://synapseautomate.github.io/sektorler/gayrimenkul-yonetimi.html,planned,unknown,unknown,unknown
181,tr,Gayrimenkul Yönetimi,Site ve Katalog AI Uyumluluğu,problem,Gayrimenkul Yönetimi sürecinde en sık otomasyon kaybı nerede oluşur?,https://synapseautomate.github.io/sektorler/gayrimenkul-yonetimi.html,planned,unknown,unknown,unknown
182,tr,Gayrimenkul Yönetimi,Site ve Katalog AI Uyumluluğu,how,Gayrimenkul Yönetimi için Site ve Katalog AI Uyumluluğu hangi veriyi ister?,https://synapseautomate.github.io/sektorler/gayrimenkul-yonetimi.html,planned,unknown,unknown,unknown
183,tr,Gayrimenkul Yönetimi,Site ve Katalog AI Uyumluluğu,risk,Gayrimenkul Yönetimi otomasyonunda hassas veri nasıl sınırlandırılır?,https://synapseautomate.github.io/sektorler/gayrimenkul-yonetimi.html,planned,unknown,unknown,unknown
184,tr,Gayrimenkul Yönetimi,Site ve Katalog AI Uyumluluğu,commercial,Gayrimenkul Yönetimi için 14 günlük shadow pilot nedir?,https://synapseautomate.github.io/sektorler/gayrimenkul-yonetimi.html,planned,unknown,unknown,unknown
185,tr,Gayrimenkul Yönetimi,Site ve Katalog AI Uyumluluğu,compare,Gayrimenkul Yönetimi AI otomasyonunda hangi kanıt güvenilir?,https://synapseautomate.github.io/sektorler/gayrimenkul-yonetimi.html,planned,unknown,unknown,unknown
186,tr,Gayrimenkul Yönetimi,İçerik ve Kreatif Üretim Sistemi,problem,Gayrimenkul Yönetimi sürecinde en sık otomasyon kaybı nerede oluşur?,https://synapseautomate.github.io/sektorler/gayrimenkul-yonetimi.html,planned,unknown,unknown,unknown
187,tr,Gayrimenkul Yönetimi,İçerik ve Kreatif Üretim Sistemi,how,Gayrimenkul Yönetimi için İçerik ve Kreatif Üretim Sistemi hangi veriyi ister?,https://synapseautomate.github.io/sektorler/gayrimenkul-yonetimi.html,planned,unknown,unknown,unknown
188,tr,Gayrimenkul Yönetimi,İçerik ve Kreatif Üretim Sistemi,risk,Gayrimenkul Yönetimi otomasyonunda hassas veri nasıl sınırlandırılır?,https://synapseautomate.github.io/sektorler/gayrimenkul-yonetimi.html,planned,unknown,unknown,unknown
189,tr,Gayrimenkul Yönetimi,İçerik ve Kreatif Üretim Sistemi,commercial,Gayrimenkul Yönetimi için 14 günlük shadow pilot nedir?,https://synapseautomate.github.io/sektorler/gayrimenkul-yonetimi.html,planned,unknown,unknown,unknown
190,tr,Gayrimenkul Yönetimi,İçerik ve Kreatif Üretim Sistemi,compare,Gayrimenkul Yönetimi AI otomasyonunda hangi kanıt güvenilir?,https://synapseautomate.github.io/sektorler/gayrimenkul-yonetimi.html,planned,unknown,unknown,unknown
191,tr,Gayrimenkul Yönetimi,Etkileşimli Teklif ve Hesaplayıcı,problem,Gayrimenkul Yönetimi sürecinde en sık otomasyon kaybı nerede oluşur?,https://synapseautomate.github.io/sektorler/gayrimenkul-yonetimi.html,planned,unknown,unknown,unknown
192,tr,Gayrimenkul Yönetimi,Etkileşimli Teklif ve Hesaplayıcı,how,Gayrimenkul Yönetimi için Etkileşimli Teklif ve Hesaplayıcı hangi veriyi ister?,https://synapseautomate.github.io/sektorler/gayrimenkul-yonetimi.html,planned,unknown,unknown,unknown
193,tr,Gayrimenkul Yönetimi,Etkileşimli Teklif ve Hesaplayıcı,risk,Gayrimenkul Yönetimi otomasyonunda hassas veri nasıl sınırlandırılır?,https://synapseautomate.github.io/sektorler/gayrimenkul-yonetimi.html,planned,unknown,unknown,unknown
194,tr,Gayrimenkul Yönetimi,Etkileşimli Teklif ve Hesaplayıcı,commercial,Gayrimenkul Yönetimi için 14 günlük shadow pilot nedir?,https://synapseautomate.github.io/sektorler/gayrimenkul-yonetimi.html,planned,unknown,unknown,unknown
195,tr,Gayrimenkul Yönetimi,Etkileşimli Teklif ve Hesaplayıcı,compare,Gayrimenkul Yönetimi AI otomasyonunda hangi kanıt güvenilir?,https://synapseautomate.github.io/sektorler/gayrimenkul-yonetimi.html,planned,unknown,unknown,unknown
196,tr,Gayrimenkul Yönetimi,Sesli Not ve Saha İş Akışı,problem,Gayrimenkul Yönetimi sürecinde en sık otomasyon kaybı nerede oluşur?,https://synapseautomate.github.io/sektorler/gayrimenkul-yonetimi.html,planned,unknown,unknown,unknown
197,tr,Gayrimenkul Yönetimi,Sesli Not ve Saha İş Akışı,how,Gayrimenkul Yönetimi için Sesli Not ve Saha İş Akışı hangi veriyi ister?,https://synapseautomate.github.io/sektorler/gayrimenkul-yonetimi.html,planned,unknown,unknown,unknown
198,tr,Gayrimenkul Yönetimi,Sesli Not ve Saha İş Akışı,risk,Gayrimenkul Yönetimi otomasyonunda hassas veri nasıl sınırlandırılır?,https://synapseautomate.github.io/sektorler/gayrimenkul-yonetimi.html,planned,unknown,unknown,unknown
199,tr,Gayrimenkul Yönetimi,Sesli Not ve Saha İş Akışı,commercial,Gayrimenkul Yönetimi için 14 günlük shadow pilot nedir?,https://synapseautomate.github.io/sektorler/gayrimenkul-yonetimi.html,planned,unknown,unknown,unknown
200,tr,Gayrimenkul Yönetimi,Sesli Not ve Saha İş Akışı,compare,Gayrimenkul Yönetimi AI otomasyonunda hangi kanıt güvenilir?,https://synapseautomate.github.io/sektorler/gayrimenkul-yonetimi.html,planned,unknown,unknown,unknown
201,tr,Ev Hizmetleri / Roofing,Müşteri Talebi ve Satış Takibi,problem,Ev Hizmetleri / Roofing sürecinde en sık otomasyon kaybı nerede oluşur?,https://synapseautomate.github.io/sektorler/ev-hizmetleri-roofing.html,planned,unknown,unknown,unknown
202,tr,Ev Hizmetleri / Roofing,Müşteri Talebi ve Satış Takibi,how,Ev Hizmetleri / Roofing için Müşteri Talebi ve Satış Takibi hangi veriyi ister?,https://synapseautomate.github.io/sektorler/ev-hizmetleri-roofing.html,planned,unknown,unknown,unknown
203,tr,Ev Hizmetleri / Roofing,Müşteri Talebi ve Satış Takibi,risk,Ev Hizmetleri / Roofing otomasyonunda hassas veri nasıl sınırlandırılır?,https://synapseautomate.github.io/sektorler/ev-hizmetleri-roofing.html,planned,unknown,unknown,unknown
204,tr,Ev Hizmetleri / Roofing,Müşteri Talebi ve Satış Takibi,commercial,Ev Hizmetleri / Roofing için 14 günlük shadow pilot nedir?,https://synapseautomate.github.io/sektorler/ev-hizmetleri-roofing.html,planned,unknown,unknown,unknown
205,tr,Ev Hizmetleri / Roofing,Müşteri Talebi ve Satış Takibi,compare,Ev Hizmetleri / Roofing AI otomasyonunda hangi kanıt güvenilir?,https://synapseautomate.github.io/sektorler/ev-hizmetleri-roofing.html,planned,unknown,unknown,unknown
206,tr,Ev Hizmetleri / Roofing,Site ve Katalog AI Uyumluluğu,problem,Ev Hizmetleri / Roofing sürecinde en sık otomasyon kaybı nerede oluşur?,https://synapseautomate.github.io/sektorler/ev-hizmetleri-roofing.html,planned,unknown,unknown,unknown
207,tr,Ev Hizmetleri / Roofing,Site ve Katalog AI Uyumluluğu,how,Ev Hizmetleri / Roofing için Site ve Katalog AI Uyumluluğu hangi veriyi ister?,https://synapseautomate.github.io/sektorler/ev-hizmetleri-roofing.html,planned,unknown,unknown,unknown
208,tr,Ev Hizmetleri / Roofing,Site ve Katalog AI Uyumluluğu,risk,Ev Hizmetleri / Roofing otomasyonunda hassas veri nasıl sınırlandırılır?,https://synapseautomate.github.io/sektorler/ev-hizmetleri-roofing.html,planned,unknown,unknown,unknown
209,tr,Ev Hizmetleri / Roofing,Site ve Katalog AI Uyumluluğu,commercial,Ev Hizmetleri / Roofing için 14 günlük shadow pilot nedir?,https://synapseautomate.github.io/sektorler/ev-hizmetleri-roofing.html,planned,unknown,unknown,unknown
210,tr,Ev Hizmetleri / Roofing,Site ve Katalog AI Uyumluluğu,compare,Ev Hizmetleri / Roofing AI otomasyonunda hangi kanıt güvenilir?,https://synapseautomate.github.io/sektorler/ev-hizmetleri-roofing.html,planned,unknown,unknown,unknown
211,tr,Ev Hizmetleri / Roofing,İçerik ve Kreatif Üretim Sistemi,problem,Ev Hizmetleri / Roofing sürecinde en sık otomasyon kaybı nerede oluşur?,https://synapseautomate.github.io/sektorler/ev-hizmetleri-roofing.html,planned,unknown,unknown,unknown
212,tr,Ev Hizmetleri / Roofing,İçerik ve Kreatif Üretim Sistemi,how,Ev Hizmetleri / Roofing için İçerik ve Kreatif Üretim Sistemi hangi veriyi ister?,https://synapseautomate.github.io/sektorler/ev-hizmetleri-roofing.html,planned,unknown,unknown,unknown
213,tr,Ev Hizmetleri / Roofing,İçerik ve Kreatif Üretim Sistemi,risk,Ev Hizmetleri / Roofing otomasyonunda hassas veri nasıl sınırlandırılır?,https://synapseautomate.github.io/sektorler/ev-hizmetleri-roofing.html,planned,unknown,unknown,unknown
214,tr,Ev Hizmetleri / Roofing,İçerik ve Kreatif Üretim Sistemi,commercial,Ev Hizmetleri / Roofing için 14 günlük shadow pilot nedir?,https://synapseautomate.github.io/sektorler/ev-hizmetleri-roofing.html,planned,unknown,unknown,unknown
215,tr,Ev Hizmetleri / Roofing,İçerik ve Kreatif Üretim Sistemi,compare,Ev Hizmetleri / Roofing AI otomasyonunda hangi kanıt güvenilir?,https://synapseautomate.github.io/sektorler/ev-hizmetleri-roofing.html,planned,unknown,unknown,unknown
216,tr,Ev Hizmetleri / Roofing,Etkileşimli Teklif ve Hesaplayıcı,problem,Ev Hizmetleri / Roofing sürecinde en sık otomasyon kaybı nerede oluşur?,https://synapseautomate.github.io/sektorler/ev-hizmetleri-roofing.html,planned,unknown,unknown,unknown
217,tr,Ev Hizmetleri / Roofing,Etkileşimli Teklif ve Hesaplayıcı,how,Ev Hizmetleri / Roofing için Etkileşimli Teklif ve Hesaplayıcı hangi veriyi ister?,https://synapseautomate.github.io/sektorler/ev-hizmetleri-roofing.html,planned,unknown,unknown,unknown
218,tr,Ev Hizmetleri / Roofing,Etkileşimli Teklif ve Hesaplayıcı,risk,Ev Hizmetleri / Roofing otomasyonunda hassas veri nasıl sınırlandırılır?,https://synapseautomate.github.io/sektorler/ev-hizmetleri-roofing.html,planned,unknown,unknown,unknown
219,tr,Ev Hizmetleri / Roofing,Etkileşimli Teklif ve Hesaplayıcı,commercial,Ev Hizmetleri / Roofing için 14 günlük shadow pilot nedir?,https://synapseautomate.github.io/sektorler/ev-hizmetleri-roofing.html,planned,unknown,unknown,unknown
220,tr,Ev Hizmetleri / Roofing,Etkileşimli Teklif ve Hesaplayıcı,compare,Ev Hizmetleri / Roofing AI otomasyonunda hangi kanıt güvenilir?,https://synapseautomate.github.io/sektorler/ev-hizmetleri-roofing.html,planned,unknown,unknown,unknown
221,tr,Ev Hizmetleri / Roofing,Sesli Not ve Saha İş Akışı,problem,Ev Hizmetleri / Roofing sürecinde en sık otomasyon kaybı nerede oluşur?,https://synapseautomate.github.io/sektorler/ev-hizmetleri-roofing.html,planned,unknown,unknown,unknown
222,tr,Ev Hizmetleri / Roofing,Sesli Not ve Saha İş Akışı,how,Ev Hizmetleri / Roofing için Sesli Not ve Saha İş Akışı hangi veriyi ister?,https://synapseautomate.github.io/sektorler/ev-hizmetleri-roofing.html,planned,unknown,unknown,unknown
223,tr,Ev Hizmetleri / Roofing,Sesli Not ve Saha İş Akışı,risk,Ev Hizmetleri / Roofing otomasyonunda hassas veri nasıl sınırlandırılır?,https://synapseautomate.github.io/sektorler/ev-hizmetleri-roofing.html,planned,unknown,unknown,unknown
224,tr,Ev Hizmetleri / Roofing,Sesli Not ve Saha İş Akışı,commercial,Ev Hizmetleri / Roofing için 14 günlük shadow pilot nedir?,https://synapseautomate.github.io/sektorler/ev-hizmetleri-roofing.html,planned,unknown,unknown,unknown
225,tr,Ev Hizmetleri / Roofing,Sesli Not ve Saha İş Akışı,compare,Ev Hizmetleri / Roofing AI otomasyonunda hangi kanıt güvenilir?,https://synapseautomate.github.io/sektorler/ev-hizmetleri-roofing.html,planned,unknown,unknown,unknown
226,en,Cross-sector,Synapse Automate,how,How to design human-approved AI automation?,https://synapseautomate.github.io/kanit/ai-otomasyon-kanit-metodolojisi.html,planned,unknown,unknown,unknown
227,en,Cross-sector,Synapse Automate,risk,How should AI automation handle missing source data?,https://synapseautomate.github.io/kanit/ai-otomasyon-kanit-metodolojisi.html,planned,unknown,unknown,unknown
228,en,Cross-sector,Synapse Automate,proof,What evidence should an enterprise AI automation vendor publish?,https://synapseautomate.github.io/kanit/ai-otomasyon-kanit-metodolojisi.html,planned,unknown,unknown,unknown
229,en,Cross-sector,Synapse Automate,metric,How to measure AI workflow reliability?,https://synapseautomate.github.io/kanit/ai-otomasyon-kanit-metodolojisi.html,planned,unknown,unknown,unknown
230,en,Cross-sector,Synapse Automate,vendor,How to choose a safe AI automation pilot?,https://synapseautomate.github.io/kanit/ai-otomasyon-kanit-metodolojisi.html,planned,unknown,unknown,unknown
231,en,Cross-sector,Synapse Automate,how,How to design human-approved AI automation?,https://synapseautomate.github.io/kanit/ai-otomasyon-kanit-metodolojisi.html,planned,unknown,unknown,unknown
232,en,Cross-sector,Synapse Automate,risk,How should AI automation handle missing source data?,https://synapseautomate.github.io/kanit/ai-otomasyon-kanit-metodolojisi.html,planned,unknown,unknown,unknown
233,en,Cross-sector,Synapse Automate,proof,What evidence should an enterprise AI automation vendor publish?,https://synapseautomate.github.io/kanit/ai-otomasyon-kanit-metodolojisi.html,planned,unknown,unknown,unknown
234,en,Cross-sector,Synapse Automate,metric,How to measure AI workflow reliability?,https://synapseautomate.github.io/kanit/ai-otomasyon-kanit-metodolojisi.html,planned,unknown,unknown,unknown
235,en,Cross-sector,Synapse Automate,vendor,How to choose a safe AI automation pilot?,https://synapseautomate.github.io/kanit/ai-otomasyon-kanit-metodolojisi.html,planned,unknown,unknown,unknown
236,en,Cross-sector,Synapse Automate,how,How to design human-approved AI automation?,https://synapseautomate.github.io/kanit/ai-otomasyon-kanit-metodolojisi.html,planned,unknown,unknown,unknown
237,en,Cross-sector,Synapse Automate,risk,How should AI automation handle missing source data?,https://synapseautomate.github.io/kanit/ai-otomasyon-kanit-metodolojisi.html,planned,unknown,unknown,unknown
238,en,Cross-sector,Synapse Automate,proof,What evidence should an enterprise AI automation vendor publish?,https://synapseautomate.github.io/kanit/ai-otomasyon-kanit-metodolojisi.html,planned,unknown,unknown,unknown
239,en,Cross-sector,Synapse Automate,metric,How to measure AI workflow reliability?,https://synapseautomate.github.io/kanit/ai-otomasyon-kanit-metodolojisi.html,planned,unknown,unknown,unknown
240,en,Cross-sector,Synapse Automate,vendor,How to choose a safe AI automation pilot?,https://synapseautomate.github.io/kanit/ai-otomasyon-kanit-metodolojisi.html,planned,unknown,unknown,unknown
241,en,Cross-sector,Synapse Automate,how,How to design human-approved AI automation?,https://synapseautomate.github.io/kanit/ai-otomasyon-kanit-metodolojisi.html,planned,unknown,unknown,unknown
242,en,Cross-sector,Synapse Automate,risk,How should AI automation handle missing source data?,https://synapseautomate.github.io/kanit/ai-otomasyon-kanit-metodolojisi.html,planned,unknown,unknown,unknown
243,en,Cross-sector,Synapse Automate,proof,What evidence should an enterprise AI automation vendor publish?,https://synapseautomate.github.io/kanit/ai-otomasyon-kanit-metodolojisi.html,planned,unknown,unknown,unknown
244,en,Cross-sector,Synapse Automate,metric,How to measure AI workflow reliability?,https://synapseautomate.github.io/kanit/ai-otomasyon-kanit-metodolojisi.html,planned,unknown,unknown,unknown
245,en,Cross-sector,Synapse Automate,vendor,How to choose a safe AI automation pilot?,https://synapseautomate.github.io/kanit/ai-otomasyon-kanit-metodolojisi.html,planned,unknown,unknown,unknown
246,en,Cross-sector,Synapse Automate,how,How to design human-approved AI automation?,https://synapseautomate.github.io/kanit/ai-otomasyon-kanit-metodolojisi.html,planned,unknown,unknown,unknown
247,en,Cross-sector,Synapse Automate,risk,How should AI automation handle missing source data?,https://synapseautomate.github.io/kanit/ai-otomasyon-kanit-metodolojisi.html,planned,unknown,unknown,unknown
248,en,Cross-sector,Synapse Automate,proof,What evidence should an enterprise AI automation vendor publish?,https://synapseautomate.github.io/kanit/ai-otomasyon-kanit-metodolojisi.html,planned,unknown,unknown,unknown
249,en,Cross-sector,Synapse Automate,metric,How to measure AI workflow reliability?,https://synapseautomate.github.io/kanit/ai-otomasyon-kanit-metodolojisi.html,planned,unknown,unknown,unknown
250,en,Cross-sector,Synapse Automate,vendor,How to choose a safe AI automation pilot?,https://synapseautomate.github.io/kanit/ai-otomasyon-kanit-metodolojisi.html,planned,unknown,unknown,unknown
